ID,"история, археология","концерты, фестивали",образование,европа,культурные мероприятия,религия,"театр, живопись",поздравления,москва,"история, военные конфликты",литература
0,0.3031694076321252,0.2699185693756985,0.4269120229921763,0.0,0.0,0.0,0.0,0.0,0.0,0.0,0.0
1,0.0,0.0,0.0,0.30463063342109337,0.26018274740591607,0.4351866191729905,0.0,0.0,0.0,0.0,0.0
2,0.1906158357771261,0.0,0.0,0.0,0.0,0.0,0.809384164222874,0.0,0.0,0.0,0.0
3,0.0,0.1727193566562516,0.0,0.4461916713619833,0.3810889719817651,0.0,0.0,0.0,0.0,0.0,0.0
4,0.06884138175897074,0.0,0.3877596197035903,0.0,0.13523289228096744,0.0,0.29231109793039883,0.1158550083260727,0.0,0.0,0.0
5,0.0,0.19780109274963964,0.0,0.0,0.2182147286561861,0.0,0.0,0.0,0.5839841785941743,0.0,0.0
6,0.0,0.0,0.0,0.0,0.0,1.0,0.0,0.0,0.0,0.0,0.0
7,0.5124057364031012,0.15206879919059776,0.0,0.0,0.33552546440630115,0.0,0.0,0.0,0.0,0.0,0.0
8,0.0,0.0,0.0,0.0,0.31630170316301703,0.0,0.6836982968369829,0.0,0.0,0.0,0.0
9,0.22786799095563012,0.0,0.0,0.0,0.11190670018461552,0.3743545565699638,0.0,0.0,0.0,0.28587075228979053,0.0
10,0.5290102389078498,0.4709897610921502,0.0,0.0,0.0,0.0,0.0,0.0,0.0,0.0,0.0
11,0.0,0.0,0.0,0.0,0.0,0.0,0.0,1.0,0.0,0.0,0.0
12,0.09432080791596914,0.1259639176684233,0.39845729058378804,0.0,0.1389637525879403,0.0,0.0,0.0,0.12396449040384516,0.118329740840034,0.0
13,0.2335244743621707,0.0,0.0,0.5371062910329926,0.2293692346048367,0.0,0.0,0.0,0.0,0.0,0.0
14,0.5290102389078498,0.4709897610921502,0.0,0.0,0.0,0.0,0.0,0.0,0.0,0.0,0.0
15,0.138585924268337,0.12338617773568067,0.3903032152863368,0.0,0.0,0.0,0.0,0.0,0.0,0.3477246827096455,0.0
16,0.0,0.11680911680911682,0.0,0.0,0.0,0.0,0.0,0.0,0.0,0.0,0.8831908831908832
17,0.0,0.18988057478555864,0.6006426345257467,0.0,0.2094767906886946,0.0,0.0,0.0,0.0,0.0,0.0
18,0.0,0.0,0.0,0.0,0.0,0.0,0.0,0.0,1.0,0.0,0.0
19,0.08699930838518705,0.3098297950233758,0.0,0.0,0.17090255597374823,0.28585487040847174,0.0,0.14641347020921724,0.0,0.0,0.0
20,0.0,0.0,0.0,0.0,0.31300838869752523,0.0,0.0,0.268156576902453,0.41883503440002184,0.0,0.0
21,0.12486975664551883,0.0,0.3516740085118694,0.0,0.0,0.0,0.0,0.21014666362294634,0.0,0.3133095712196654,0.0
22,0.5290102389078498,0.4709897610921502,0.0,0.0,0.0,0.0,0.0,0.0,0.0,0.0,0.0
23,0.08748767776267093,0.07789225504031347,0.0,0.0,0.08593095751778355,0.0,0.3714861394230335,0.14723536013717792,0.22996761011902073,0.0,0.0
24,0.0,0.16376937013024798,0.25902298336926977,0.0,0.18067083537500667,0.0,0.0,0.15478202664749047,0.24175478447798512,0.0,0.0
25,0.0,0.1309086068915029,0.0,0.33818056780304917,0.14441874781624878,0.0,0.0,0.0,0.3864920774891991,0.0,0.0
26,0.1364183153745745,0.0,0.0,0.0,0.0,0.0,0.2896265772567889,0.11479102147372731,0.0,0.0,0.45916408589490926
27,0.0,0.3118756936736959,0.0,0.0,0.6881243063263041,0.0,0.0,0.0,0.0,0.0,0.0
28,0.0,0.15347756846300356,0.0,0.0,0.2539753357127995,0.0,0.36598497095023924,0.0,0.22656212487395763,0.0,0.0
29,0.0,0.18474687705456935,0.0,0.0,0.8152531229454306,0.0,0.0,0.0,0.0,0.0,0.0
30,0.12527457054350885,0.33460433680653334,0.0,0.0,0.0,0.0,0.0,0.21082793579273443,0.3292931568572233,0.0,0.0
31,0.5044883303411131,0.0,0.0,0.0,0.49551166965888693,0.0,0.0,0.0,0.0,0.0,0.0
32,0.16292848074481592,0.0,0.0,0.0,0.0,0.0,0.0,0.0,0.4282691493863733,0.40880236986881086,0.0
33,0.2226528171956262,0.0,0.0,0.0,0.21869102329534817,0.0,0.0,0.0,0.0,0.5586561595090257,0.0
34,0.0,0.40384615384615385,0.0,0.0,0.0,0.0,0.0,0.0,0.5961538461538463,0.0,0.0
35,0.0,0.12006999076026274,0.0,0.15509040473200605,0.264923111285989,0.0,0.0,0.11348078395024833,0.17724617683657837,0.1691895324349157,0.0
36,0.0,0.0,0.0,0.0,1.0,0.0,0.0,0.0,0.0,0.0,0.0
37,0.14297100727308956,0.0,0.0,0.0,0.0,0.0,0.0,0.4812194878947893,0.37580950483212117,0.0,0.0
38,0.22428762243989314,0.2995325022261799,0.0,0.0,0.0,0.0,0.47617987533392697,0.0,0.0,0.0,0.0
39,0.0,0.0,0.0,0.0,0.0,0.0,0.0,0.0,0.0,0.0,0.0
40,0.0,0.0,0.0,0.0,0.17494494739417668,0.0,0.37815023244433577,0.0,0.0,0.44690482016148764,0.0
41,0.0,0.0,0.20139278760586263,0.16447077654478778,0.07023663055293429,0.0,0.0,0.0,0.5638998052964153,0.0,0.0
42,0.046964957757253026,0.1254418871709855,0.2645373130816701,0.0,0.0,0.0,0.0,0.0,0.2469014922095588,0.0,0.3161543497805326
43,0.08105753771431731,0.07216735615855348,0.22828449397093445,0.1864323367429298,0.15923046554556283,0.0,0.0,0.27282780986770216,0.0,0.0,0.0
44,0.2321616668391795,0.06889959144904681,0.0,0.17799061124337093,0.0,0.0,0.0,0.0,0.0,0.0,0.5209481304684028
45,0.17107100655279836,0.0,0.24089590718659362,0.0,0.0,0.0,0.3631969062197873,0.0,0.2248361800408207,0.0,0.0
46,0.16616314199395774,0.0,0.0,0.0,0.0,0.0,0.0,0.0,0.0,0.8338368580060423,0.0
47,0.0,0.0,0.0,0.7007481296758105,0.29925187032418954,0.0,0.0,0.0,0.0,0.0,0.0
48,1.0,0.0,0.0,0.0,0.0,0.0,0.0,0.0,0.0,0.0,0.0
49,0.0,0.0,0.0,0.0,0.0,0.0,0.0,0.0,0.0,0.0,0.0
50,0.0,0.0,0.0,0.0,0.0,0.0,0.0,0.0,0.0,0.271523178807947,0.728476821192053
51,0.0,0.47546531302876477,0.0,0.0,0.5245346869712352,0.0,0.0,0.0,0.0,0.0,0.0
52,0.0,1.0,0.0,0.0,0.0,0.0,0.0,0.0,0.0,0.0,0.0
53,1.0,0.0,0.0,0.0,0.0,0.0,0.0,0.0,0.0,0.0,0.0
54,0.11548222340833225,0.05140821558177371,0.0,0.0,0.05671368978772189,0.37944159119880594,0.2451776435438439,0.0,0.15177663647952241,0.0,0.0
55,0.0,0.0,0.1170711704514126,0.0,0.040829091474158134,0.1365830321933147,0.17650730314212978,0.13991432566144435,0.10926642575465177,0.0,0.2798286513228887
56,0.0,0.0,0.0,0.0,0.0,0.0,0.0,0.0,0.0,0.0,1.0
57,0.075632040552544,0.0,0.21300452237247086,0.0,0.07428627470641333,0.24850527610121598,0.0,0.0,0.1988042208809728,0.1897676653863831,0.0
58,0.0,0.0,0.0,0.411764705882353,0.0,0.5882352941176471,0.0,0.0,0.0,0.0,0.0
59,0.0,0.16468619246861924,0.0,0.2127196652719665,0.0,0.0,0.0,0.6225941422594142,0.0,0.0,0.0
60,0.09696317823096273,0.0,0.0,0.2230153099312143,0.1904757095497916,0.0,0.0,0.48954580228803135,0.0,0.0,0.0
61,0.10329890036654449,0.18393868710429856,0.0,0.712762412529157,0.0,0.0,0.0,0.0,0.0,0.0,0.0
62,0.1164830580031192,0.0,0.0,0.0,0.0,0.0,0.24730249237585308,0.09801623173433201,0.0,0.14613329094936772,0.39206492693732803
63,0.0,0.0,0.0,0.07030368533716394,0.03002292612263229,0.0,0.0,0.0,0.0803470689567588,0.6135594356697944,0.20576688391365058
64,0.0,0.0,0.5733172312972733,0.0,0.0,0.0,0.0,0.17129600203394138,0.0,0.2553867666687853,0.0
65,0.0,0.0,0.0,0.0,0.2833401892225422,0.4739201974496092,0.0,0.24273961332784866,0.0,0.0,0.0
66,0.0,0.0,0.0,0.0,0.0,0.0,0.0,0.0,0.0,1.0,0.0
67,0.0,0.06163813814098973,0.0,0.0,0.13599873895876738,0.4549481624692099,0.0,0.0,0.0,0.34741496043103304,0.0
68,1.0,0.0,0.0,0.0,0.0,0.0,0.0,0.0,0.0,0.0,0.0
69,0.0,0.41509433962264153,0.0,0.0,0.0,0.0,0.0,0.0,0.0,0.5849056603773585,0.0
70,0.0,0.0,0.0,0.0,0.0,0.0,0.0,0.40145985401459855,0.0,0.5985401459854014,0.0
71,0.12403130963043732,0.0,0.3493126679387827,0.0,0.0,0.0,0.52665602243078,0.0,0.0,0.0,0.0
72,0.16238397150337994,0.14457411656429955,0.0,0.0,0.15949457699264366,0.5335473349396769,0.0,0.0,0.0,0.0,0.0
73,0.0,0.0,0.0,0.0,0.0,0.0,0.0,0.0,1.0,0.0,0.0
74,0.0,0.06809214060142445,0.0,0.0,0.0,0.251292423648114,0.1623735660495506,0.06435537678793164,0.10051696945924563,0.09594801630200718,0.25742150715172657
75,0.0877684232796331,0.0781422091134798,0.0,0.0,0.0,0.0,0.37267822807967294,0.0,0.4614111395272141,0.0,0.0
76,0.0,0.14680776998868802,0.0,0.0,0.1619587498095847,0.0,0.0,0.2775024920517884,0.0,0.41373098814993897,0.0
77,0.0,0.0,0.0,0.0,0.0,0.0,0.0,0.0,0.0,0.0,0.0
78,0.27240773286467485,0.7275922671353251,0.0,0.0,0.0,0.0,0.0,0.0,0.0,0.0,0.0
79,0.0,0.0,0.0,0.0,0.0,0.0,0.0,0.0,0.5116279069767442,0.4883720930232558,0.0
80,0.30303030303030304,0.0,0.0,0.6969696969696969,0.0,0.0,0.0,0.0,0.0,0.0,0.0
81,0.2527075812274368,0.0,0.0,0.0,0.0,0.41516245487364617,0.0,0.0,0.33212996389891697,0.0,0.0
82,0.22730302626316493,0.20237301693107587,0.0,0.0,0.0,0.0,0.0,0.0,0.0,0.5703239568057592,0.0
83,0.0,0.10498444050584464,0.0,0.27120980464009864,0.23163826730826934,0.19372128902864189,0.0,0.19844619851714537,0.0,0.0,0.0
84,0.0,0.0,0.0,0.0,0.5385878489326765,0.0,0.0,0.46141215106732353,0.0,0.0,0.0
85,0.14474912980728416,0.12887341879616265,0.0,0.0,0.0,0.0,0.0,0.0,0.0,0.7263774513965532,0.0
86,0.0,0.0,1.0,0.0,0.0,0.0,0.0,0.0,0.0,0.0,0.0
87,0.0,0.07015876790254431,0.0,0.0,0.07739935249035139,0.51783852499497,0.3346033546121345,0.0,0.0,0.0,0.0
88,0.0,0.0,0.741424802110818,0.0,0.25857519788918204,0.0,0.0,0.0,0.0,0.0,0.0
89,0.07131553267975509,0.06349382909552388,0.0,0.3280514503268734,0.0,0.23432246451919528,0.3028167233786524,0.0,0.0,0.0,0.0
90,0.43209876543209874,0.0,0.0,0.0,0.0,0.0,0.0,0.0,0.5679012345679012,0.0,0.0
91,0.0,0.0,0.0,0.0,0.4727954971857412,0.5272045028142589,0.0,0.0,0.0,0.0,0.0
92,0.3323437242289296,0.1972620814778163,0.0,0.0,0.0,0.0,0.47039419429325424,0.0,0.0,0.0,0.0
93,0.14717125382263,0.0,0.0,0.0,0.0,0.48356269113149847,0.0,0.0,0.0,0.36926605504587157,0.0
94,0.0,0.0,0.46153846153846156,0.0,0.0,0.5384615384615384,0.0,0.0,0.0,0.0,0.0
95,0.06200689682575671,0.05520614039970598,0.17463166861131482,0.28523172539848085,0.0,0.0,0.0,0.10435307026773691,0.1629895573705605,0.1555809411264441,0.0
96,0.1069281561052528,0.19040110377451466,0.0,0.0,0.0,0.7026707401202326,0.0,0.0,0.0,0.0,0.0
97,0.0,0.0,0.5172413793103449,0.0,0.0,0.0,0.0,0.0,0.4827586206896552,0.0,0.0
98,0.20539255775914947,0.0,0.0,0.0,0.10086894295645064,0.0,0.4360641995501943,0.0,0.0,0.2576742997342057,0.0
99,0.0,0.0,0.0,0.0,0.0,0.0,0.0,0.0,1.0,0.0,0.0
100,0.0,0.0,0.0,0.0,0.10452517527087317,0.0,0.0,0.17909496494582536,0.0,0.0,0.7163798597833014
101,0.1129059177695573,0.0,0.0,0.0,0.1108969156740136,0.0,0.47941589699073567,0.0,0.2967812695656935,0.0,0.0
102,0.2336070759619923,0.2079856547274512,0.3289569028852545,0.0,0.22945036642530203,0.0,0.0,0.0,0.0,0.0,0.0
103,0.0,0.47546531302876477,0.0,0.0,0.5245346869712352,0.0,0.0,0.0,0.0,0.0,0.0
104,0.0,0.0,0.0,0.0,0.31630170316301703,0.0,0.6836982968369829,0.0,0.0,0.0,0.0
105,0.0,0.0,1.0,0.0,0.0,0.0,0.0,0.0,0.0,0.0,0.0
106,0.5044883303411131,0.0,0.0,0.0,0.49551166965888693,0.0,0.0,0.0,0.0,0.0,0.0
107,0.08764217932314372,0.0,0.24682899482844559,0.20157701244323056,0.08608270994016963,0.0,0.0,0.14749537495846138,0.23037372850654922,0.0,0.0
108,0.5290102389078498,0.4709897610921502,0.0,0.0,0.0,0.0,0.0,0.0,0.0,0.0,0.0
109,0.0,0.0,0.0,0.0,0.0,0.0,0.0,0.0,0.0,1.0,0.0
110,0.11817884762008496,0.10521729659078533,0.0,0.0,0.0,0.7766038557891297,0.0,0.0,0.0,0.0,0.0
111,0.0,0.0,0.5172413793103449,0.0,0.0,0.0,0.0,0.0,0.4827586206896552,0.0,0.0
112,0.1648435126101489,0.29352780309936194,0.0,0.0,0.0,0.5416286842904893,0.0,0.0,0.0,0.0,0.0
113,0.04186100104614499,0.0,0.35368274353273527,0.28884090721840044,0.20558071688142388,0.0,0.0,0.0,0.11003463132129541,0.0,0.0
114,0.07577441907562804,0.0,0.42681101356884366,0.348562327747889,0.14885223960763944,0.0,0.0,0.0,0.0,0.0,0.0
115,0.0,0.0,0.0,0.0,0.1878612716763006,0.0,0.8121387283236995,0.0,0.0,0.0,0.0
116,0.0,0.21337720685945707,0.0,0.5512244510535974,0.23539834208694554,0.0,0.0,0.0,0.0,0.0,0.0
117,0.5044883303411131,0.0,0.0,0.0,0.49551166965888693,0.0,0.0,0.0,0.0,0.0,0.0
118,0.0,0.0,0.7699530516431925,0.0,0.0,0.0,0.0,0.23004694835680753,0.0,0.0,0.0
119,0.0,0.2031948461740731,0.0,0.0,0.22416513278990272,0.0,0.0,0.0,0.0,0.5726400210360242,0.0
120,0.2728413773504476,0.0,0.0,0.0,0.2679865485719699,0.0,0.0,0.45917207407758254,0.0,0.0,0.0
121,0.0,0.0,0.0,0.0,0.6364812419146184,0.0,0.0,0.3635187580853816,0.0,0.0,0.0
122,0.0,0.17517964653330745,0.0,0.0,0.0,0.0,0.0,0.331132258691008,0.0,0.4936880947756846,0.0
123,0.08856445313798365,0.15770186494247412,0.0,0.2036982422173624,0.17397714637781844,0.0,0.37605829332436136,0.0,0.0,0.0,0.0
124,0.0,0.14507593684119952,0.0,0.374779503506432,0.4801445596523686,0.0,0.0,0.0,0.0,0.0,0.0
125,0.0,0.0,0.0,0.28,0.0,0.4,0.0,0.0,0.32000000000000006,0.0,0.0
126,0.0,0.0,0.0,0.0,0.0761936788449711,0.2548859970885342,0.0,0.2611027287248399,0.4078175953416548,0.0,0.0
127,0.07859993962278938,0.0699793010835157,0.0,0.0,0.23160409255398443,0.0,0.0,0.0,0.6198166667397106,0.0,0.0
128,0.1242737267809348,0.11064370513399358,0.0,0.0,0.24412490100738796,0.0,0.0,0.20914358897279273,0.0,0.311814078104891,0.0
129,0.0,0.18988057478555864,0.6006426345257467,0.0,0.2094767906886946,0.0,0.0,0.0,0.0,0.0,0.0
130,0.0,0.0,0.0,0.7213699830943585,0.10268611858994428,0.0,0.0,0.1759438983156972,0.0,0.0,0.0
131,0.0,0.0,0.0,0.0,0.0,0.0,0.0,0.15406162464985995,0.0,0.22969187675070027,0.6162464985994398
132,0.0,0.14643834267029765,0.0,0.0,0.16155119654018604,0.0,0.0,0.13840209215790328,0.0,0.0,0.5536083686316131
133,0.0,0.1006109656101048,0.0,0.0,0.22198860739596077,0.0,0.0,0.38035852852600593,0.29704189846792844,0.0,0.0
134,0.08859622105616818,0.07887921616613684,0.0,0.0,0.08701977584164564,0.0,0.0,0.7455047869360494,0.0,0.0,0.0
135,0.09448723011179858,0.16824822910229942,0.0,0.0,0.09280596267208688,0.0,0.0,0.15901509457839275,0.2483664334367277,0.2370770500986946,0.0
136,0.0,0.3089481946624804,0.0,0.3990580847723705,0.0,0.0,0.0,0.29199372056514916,0.0,0.0,0.0
137,0.0,0.0,0.5504587155963303,0.44954128440366975,0.0,0.0,0.0,0.0,0.0,0.0,0.0
138,0.030123933341456154,0.02682001807174806,0.08483883267593775,0.06928504668534916,0.0,0.0,0.0,0.709749258727967,0.0791829104975419,0.0,0.0
139,0.0,0.12936739302955622,0.0,0.0,0.07135923814797586,0.0,0.6169829513717296,0.0,0.0,0.1822904174507383,0.0
140,0.0,0.0,0.0,0.0,0.0,0.0,1.0,0.0,0.0,0.0,0.0
141,0.37272727272727274,0.0,0.0,0.0,0.0,0.0,0.0,0.0,0.0,0.0,0.6272727272727273
142,0.4772727272727273,0.0,0.0,0.0,0.0,0.5227272727272727,0.0,0.0,0.0,0.0,0.0
143,0.12933753943217666,0.0,0.0,0.0,0.0,0.0,0.0,0.8706624605678234,0.0,0.0,0.0
144,0.0,0.0,0.0,0.0,0.0,0.0,0.0,0.40145985401459855,0.0,0.5985401459854014,0.0
145,0.0,0.0,0.0,0.0,0.08814839928318884,0.2948773833163817,0.38107231074732406,0.0,0.23590190665310537,0.0,0.0
146,0.16029795812884537,0.1427168917534236,0.0,0.0,0.15744568129381253,0.0,0.0,0.5395394688239186,0.0,0.0,0.0
147,0.319684088736858,0.14231098143769808,0.0,0.0,0.0,0.0,0.0,0.538004929825444,0.0,0.0,0.0
148,0.18128969679083928,0.08070315534559942,0.5105709827986903,0.0,0.0,0.0,0.0,0.0,0.0,0.2274361650648711,0.0
149,0.0,0.0,0.0,0.15512751216156456,0.0,0.22161073165937792,0.0,0.0,0.0,0.16923001326716133,0.4540317429118963
150,0.18698368903676052,0.0,0.0,0.0,0.18365657713219183,0.0,0.0,0.0,0.0,0.0,0.6293597338310476
151,0.26315306889659096,0.0,0.0,0.12105041169243183,0.0,0.17292915956061689,0.0,0.08857347197007208,0.0,0.0,0.3542938878802883
152,0.2463094002149245,0.0,0.0,0.0,0.12096333533686685,0.0,0.0,0.0,0.32372092599675795,0.3090063384514507,0.0
153,0.2262144011572648,0.10070189470871788,0.0,0.0,0.1110946169384432,0.37163794475836354,0.0,0.1903511424372106,0.0,0.0,0.0
154,0.0,0.0,0.0,0.0,0.0,0.0,0.0,1.0,0.0,0.0,0.0
155,0.06862062798509053,0.06109449459317737,0.0,0.0,0.06739962036969746,0.2254677776652974,0.0,0.11548349587734746,0.0,0.0,0.46193398350938986
156,0.0,0.0,0.0,0.30463063342109337,0.26018274740591607,0.4351866191729905,0.0,0.0,0.0,0.0,0.0
157,0.21688314552230575,0.0,0.0,0.0,0.21302401481906189,0.0,0.0,0.0,0.5700928396586323,0.0,0.0
158,0.0,0.18988057478555864,0.6006426345257467,0.0,0.2094767906886946,0.0,0.0,0.0,0.0,0.0,0.0
159,0.16295996765062676,0.14508693894055802,0.0,0.0,0.0,0.0,0.6919530934088152,0.0,0.0,0.0,0.0
160,0.0,0.0,0.0,0.0,0.0,0.0,0.0,0.0,0.0,0.0,0.0
161,0.1865731239611095,0.0,0.0,0.0,0.1832533174849332,0.0,0.39610909394820176,0.0,0.0,0.23406446460575556,0.0
162,0.138585924268337,0.12338617773568067,0.3903032152863368,0.0,0.0,0.0,0.0,0.0,0.0,0.3477246827096455,0.0
163,0.0,0.04505442426549465,0.14251909716636066,0.0,0.6461541985407241,0.16627228002742073,0.0,0.0,0.0,0.0,0.0
164,0.2335244743621707,0.0,0.0,0.5371062910329926,0.2293692346048367,0.0,0.0,0.0,0.0,0.0,0.0
165,0.6706443914081146,0.0,0.0,0.0,0.32935560859188545,0.0,0.0,0.0,0.0,0.0,0.0
166,0.1265199857966997,0.0,0.0,0.0,0.12426874049782605,0.20785426238029234,0.26861166215299326,0.10646193926795462,0.16628340990423393,0.0,0.0
167,0.0,0.1866531133653619,0.0,0.0,0.20591624606143127,0.3444194353765606,0.0,0.0,0.0,0.2630112051966463,0.0
168,0.0,0.0,0.0,1.0,0.0,0.0,0.0,0.0,0.0,0.0,0.0
169,0.15999674638034814,0.0,0.0,0.0,0.31429965836993656,0.5257035952497153,0.0,0.0,0.0,0.0,0.0
170,0.0,0.19128199869528886,0.0,0.24707258164808144,0.10551142276786397,0.0,0.45613399688876577,0.0,0.0,0.0,0.0
171,0.0,0.05723823384862305,0.3621194386341459,0.14786543744227623,0.0,0.0,0.0,0.0,0.0,0.0,0.43277689007495485
172,1.0,0.0,0.0,0.0,0.0,0.0,0.0,0.0,0.0,0.0,0.0
173,0.09076533839342188,0.0,0.0,0.0,0.0,0.2982289690069576,0.0,0.0,0.0,0.0,0.6110056925996205
174,0.0,0.6134663341645885,0.0,0.0,0.0,0.0,0.0,0.38653366583541143,0.0,0.0,0.0
175,0.0,0.051082583083945386,0.0,0.0,0.028177225544525036,0.0,0.12181231350786977,0.04827927059763131,0.6786686038295601,0.07198000343646849,0.0
176,0.0,0.0,0.0,0.0,0.0,0.0,0.0,0.0,0.0,0.0,1.0
177,0.0,0.0,0.0,0.39714762944879867,0.1696004111525119,0.0,0.0,0.0,0.0,0.43325195939868943,0.0
178,0.0,0.47546531302876477,0.0,0.0,0.5245346869712352,0.0,0.0,0.0,0.0,0.0,0.0
179,0.2728413773504476,0.0,0.0,0.0,0.2679865485719699,0.0,0.0,0.45917207407758254,0.0,0.0,0.0
180,0.0,0.0,0.0,0.2479348243793713,0.10587964030435787,0.0,0.0,0.3628314503112751,0.2833540850049958,0.0,0.0
181,0.0,0.47546531302876477,0.0,0.0,0.5245346869712352,0.0,0.0,0.0,0.0,0.0,0.0
182,0.0,0.0,0.0,0.0,0.0,0.0,0.45833333333333337,0.0,0.0,0.5416666666666666,0.0
183,0.0,0.11680911680911682,0.0,0.0,0.0,0.0,0.0,0.0,0.0,0.0,0.8831908831908832
184,0.0,0.24019607843137253,0.7598039215686275,0.0,0.0,0.0,0.0,0.0,0.0,0.0,0.0
185,0.0,0.0,0.0,0.0,0.3685393258426966,0.0,0.0,0.6314606741573033,0.0,0.0,0.0
186,0.06401904480065176,0.0,0.18029853433652948,0.0,0.0,0.0,0.2718347133073829,0.32321810423743697,0.0,0.16062960331799897,0.0
187,0.22730302626316493,0.20237301693107587,0.0,0.0,0.0,0.0,0.0,0.0,0.0,0.5703239568057592,0.0
188,0.27867967149847533,0.08270493476728946,0.0,0.0,0.0,0.0,0.39443891965938055,0.0,0.24417647407485463,0.0,0.0
189,0.0,0.3203820273496853,0.0,0.27588452355111787,0.0,0.0,0.0,0.4037334490991969,0.0,0.0,0.0
190,0.0,0.0,0.2543950361944158,0.0,0.0,0.59358841778697,0.0,0.1520165460186143,0.0,0.0,0.0
191,0.0,0.09401762211087614,0.0,0.0,0.10372050837854663,0.3469697958853762,0.0,0.1777162369169,0.277575836708301,0.0,0.0
192,0.0,0.4014141963557248,0.0,0.3456622246396519,0.0,0.0,0.0,0.2529235790046233,0.0,0.0,0.0
193,0.0,0.22082585278276484,0.0,0.5704667863554758,0.0,0.0,0.0,0.20870736086175945,0.0,0.0,0.0
194,0.10026652622877694,0.17853910476866086,0.0,0.0,0.2954472730157556,0.0,0.4257470959868067,0.0,0.0,0.0,0.0
195,0.0,0.0,0.0,0.7321428571428571,0.0,0.0,0.0,0.26785714285714285,0.0,0.0,0.0
196,0.0,0.07288756039167638,0.0,0.0,0.16081952826633222,0.0,0.0,0.0,0.2151918449659017,0.0,0.5511010663760897
197,0.0,0.0,0.0,0.0,0.0,0.19589695612950647,0.2531591433058238,0.0,0.0,0.14959403922616857,0.4013498613385011
198,0.0,0.0,0.20558248370382756,0.0,0.0,0.47969246197559756,0.0,0.12284806953033597,0.19187698479023907,0.0,0.0
199,0.08981488865760207,0.03998211172499705,0.0,0.0,0.0,0.14755303136606054,0.0,0.0,0.11804242509284844,0.0,0.604607543158492
200,0.0,0.3118756936736959,0.0,0.0,0.6881243063263041,0.0,0.0,0.0,0.0,0.0,0.0
201,0.0,0.0,0.0,0.0,0.0,0.0,0.0,0.0,0.0,0.0,0.0
202,0.0,0.0,0.0,0.0,0.0,0.0,0.0,0.0,0.0,0.0,0.0
203,0.0,0.0,0.0,0.7007481296758105,0.29925187032418954,0.0,0.0,0.0,0.0,0.0,0.0
204,0.12821740157128544,0.0,0.3611020697313753,0.2949000236139565,0.0,0.0,0.0,0.21578050508338284,0.0,0.0,0.0
205,0.5290102389078498,0.4709897610921502,0.0,0.0,0.0,0.0,0.0,0.0,0.0,0.0,0.0
206,0.12640168277889421,0.0,0.0,0.0,0.12415254251592459,0.0,0.5367209914919201,0.212724783213261,0.0,0.0,0.0
207,0.0,0.24834084903639164,0.0,0.0,0.27397033167715806,0.0,0.0,0.0,0.24439893079771877,0.23328988848873153,0.0
208,0.3168819697471569,0.0,0.0,0.0,0.0,0.0,0.0,0.2666445842994369,0.41647344595340624,0.0,0.0
209,0.0,0.0,0.0,0.0,0.08814839928318884,0.2948773833163817,0.38107231074732406,0.0,0.23590190665310537,0.0,0.0
210,0.5996131528046422,0.4003868471953579,0.0,0.0,0.0,0.0,0.0,0.0,0.0,0.0,0.0
211,0.0,0.0,0.0,0.0,1.0,0.0,0.0,0.0,0.0,0.0,0.0
212,0.0,0.0,0.6069674020414884,0.0,0.2116825814948963,0.0,0.0,0.18135001646361543,0.0,0.0,0.0
213,0.32995519996835315,0.1958443767554096,0.0,0.0,0.0,0.0,0.0,0.185096819494442,0.28910360378179517,0.0,0.0
214,0.14386734812198407,0.0,0.0,0.0,0.14130743089561426,0.47270700097223334,0.0,0.24211822001016833,0.0,0.0,0.0
215,0.28025034770514606,0.1247566063977747,0.0,0.0,0.0,0.0,0.5949930458970794,0.0,0.0,0.0,0.0
216,0.0,0.2470210815765353,0.5209288114879316,0.0,0.0,0.0,0.0,0.0,0.0,0.23205010693553313,0.0
217,0.0,0.0,0.0,0.0,0.0,0.0,0.0,0.0,0.0,0.0,0.0
218,0.08930962560765304,0.0,0.0,0.0,0.08772048636196526,0.29344591271085996,0.379222410272496,0.15030156504702585,0.0,0.0,0.0
219,0.16746483709995502,0.04969924197805117,0.0,0.12838970844329886,0.0,0.18341386920471264,0.23702715404916713,0.09394368910485283,0.0,0.14006150011996238,0.0
220,0.07381957659972882,0.0,0.0,0.16978502617937627,0.07250606100186888,0.0,0.313449279100387,0.0,0.0,0.37044005711863914,0.0
221,0.14717125382263,0.0,0.0,0.0,0.0,0.48356269113149847,0.0,0.0,0.0,0.36926605504587157,0.0
222,0.0,0.14686648501362398,0.2322888283378747,0.0,0.0,0.0,0.0,0.0,0.0,0.6208446866485015,0.0
223,0.0,0.0,1.0,0.0,0.0,0.0,0.0,0.0,0.0,0.0,0.0
224,0.10462820671011452,0.0,0.0,0.0,0.0,0.0,0.4442674623383325,0.17608161617068055,0.2750227147808725,0.0,0.0
225,0.0,0.19361211722094174,0.30622324662495887,0.5001646361540995,0.0,0.0,0.0,0.0,0.0,0.0,0.0
226,0.10621761658031088,0.0,0.0,0.0,0.0,0.0,0.0,0.17875647668393782,0.0,0.0,0.7150259067357513
227,0.0,0.1623696447734089,0.0,0.0,0.3582533087527172,0.0,0.0,0.0,0.47937704647387397,0.0,0.0
228,0.08522654212002859,0.07587911491976738,0.0,0.0,0.3348402224217493,0.2800300669658082,0.0,0.0,0.22402405357264657,0.0,0.0
229,0.13919769037767682,0.12393084691689935,0.0,0.0,0.1367208631467573,0.0,0.0,0.23425952770877317,0.36589107184989333,0.0,0.0
230,0.5290102389078498,0.4709897610921502,0.0,0.0,0.0,0.0,0.0,0.0,0.0,0.0,0.0
231,0.0,0.0,0.0,0.47826086956521735,0.0,0.0,0.0,0.0,0.0,0.5217391304347826,0.0
232,0.15650490882462625,0.13933985430837692,0.4407689268938454,0.0,0.0,0.0,0.0,0.2633863099731515,0.0,0.0,0.0
233,0.2849740932642487,0.0,0.0,0.0,0.0,0.0,0.0,0.0,0.0,0.7150259067357513,0.0
234,0.2107455811410406,0.375263099322111,0.0,0.0,0.4139913195368485,0.0,0.0,0.0,0.0,0.0,0.0
235,0.07755943339351491,0.0,0.21843268996540938,0.17838669680508432,0.07617937230110362,0.2548381382929776,0.0,0.0,0.0,0.19460366924191014,0.0
236,0.07085990812185004,0.1261763525266491,0.0,0.32595557736051023,0.0,0.0,0.0,0.0,0.0,0.0,0.4770081619909906
237,0.22729201196988297,0.0,0.32006426175350866,0.2613858137653654,0.0,0.0,0.0,0.191257912511243,0.0,0.0,0.0
238,0.14579461918386477,0.12980424159595702,0.0,0.0,0.0,0.4790394630326985,0.0,0.24536167618747975,0.0,0.0,0.0
239,0.0,0.08810610831234256,0.0,0.0,0.0,0.32515349496221657,0.42019836272040295,0.16654203400503775,0.0,0.0,0.0
240,0.2220000886094858,0.19765169179425188,0.0,0.0,0.10902495454843077,0.0,0.47132326504783145,0.0,0.0,0.0,0.0
241,0.0,0.0,0.0,0.0,0.0,0.0,0.0,0.18038419490863658,0.28174293300015624,0.5378728720912073,0.0
242,0.21048597253059875,0.0937002071265246,0.0,0.24205886841018856,0.0,0.0,0.0,0.17711624517818678,0.27663870675450125,0.0,0.0
243,0.0,0.3118756936736959,0.0,0.0,0.6881243063263041,0.0,0.0,0.0,0.0,0.0,0.0
244,0.30303030303030304,0.0,0.0,0.6969696969696969,0.0,0.0,0.0,0.0,0.0,0.0,0.0
245,0.0,0.35146443514644354,0.0,0.0,0.0,0.6485355648535565,0.0,0.0,0.0,0.0,0.0
246,0.0,0.41509433962264153,0.0,0.0,0.0,0.0,0.0,0.0,0.0,0.5849056603773585,0.0
247,0.07567150436478721,0.06737204904735894,0.0,0.0,0.14865007263118343,0.0,0.0,0.0,0.19890795433029784,0.0,0.5093984196263726
248,0.6156966963995419,0.1827228905443802,0.0,0.0,0.20158041305607782,0.0,0.0,0.0,0.0,0.0,0.0
249,0.0,0.0,0.0,0.0,1.0,0.0,0.0,0.0,0.0,0.0,0.0
250,0.0,0.0,0.0,0.0,0.08846072603277107,0.0,0.38242252331090265,0.30313980506352034,0.0,0.2259769455928061,0.0
251,0.0,0.09177566962586224,0.2903107916736459,0.0,0.0,0.0,0.0,0.346956799805089,0.27095673889540284,0.0,0.0
252,0.0703847463081572,0.0,0.1982264283780754,0.48565474952628473,0.06913234868701562,0.0,0.0,0.0,0.0,0.17660172710046715,0.0
253,0.0,0.47546531302876477,0.0,0.0,0.5245346869712352,0.0,0.0,0.0,0.0,0.0,0.0
254,0.1423123101913977,0.2534077265343598,0.0,0.0,0.0,0.0,0.6042799632742426,0.0,0.0,0.0,0.0
255,0.10674574841785235,0.09503815020428144,0.0,0.0,0.0,0.35073603051580055,0.0,0.17964528392272713,0.0,0.2678347869393386,0.0
256,0.11967683701599445,0.2131019807510611,0.0,0.0,0.35264206779090185,0.0,0.0,0.0,0.3145791144420426,0.0,0.0
257,1.0,0.0,0.0,0.0,0.0,0.0,0.0,0.0,0.0,0.0,0.0
258,0.0,0.1263450789563279,0.0,0.0,0.2787685016118267,0.0,0.0,0.2388230151003759,0.0,0.3560634043314695,0.0
259,0.0,0.0753445602008925,0.476669666577075,0.0,0.08312033331771058,0.0,0.0,0.14241959550168704,0.22244584440263498,0.0,0.0
260,0.07296025591165683,0.0,0.0,0.0,0.07166203071749926,0.23972655513830105,0.3098004712556506,0.12278677214400786,0.0,0.18306391483288442,0.0
261,0.11083881333538667,0.09868229832440878,0.0,0.0,0.0,0.1820923361938495,0.23531932677359016,0.0,0.0,0.0,0.3730672253727649
262,1.0,0.0,0.0,0.0,0.0,0.0,0.0,0.0,0.0,0.0,0.0
263,0.12441233803462906,0.2215342277261782,0.0,0.0,0.0,0.0,0.0,0.0,0.6540534342391928,0.0,0.0
264,0.0,0.0,0.0,0.0,0.0,0.0,0.0,0.0,0.0,1.0,0.0
265,0.0,0.6444954128440367,0.0,0.0,0.35550458715596334,0.0,0.0,0.0,0.0,0.0,0.0
266,0.15724898767744372,0.07000116225641043,0.0,0.36167267165812056,0.07722548149283713,0.0,0.33385169691518823,0.0,0.0,0.0,0.0
267,0.0,0.0,0.0,0.0,1.0,0.0,0.0,0.0,0.0,0.0,0.0
268,0.0,0.09917543945489547,0.0,0.0,0.10941062715664625,0.18300229899415232,0.0,0.09373288485066339,0.0,0.13974721014098906,0.37493153940265356
269,0.13066313071725238,0.11633233573536018,0.36799004161185367,0.0,0.3850144919355338,0.0,0.0,0.0,0.0,0.0,0.0
270,0.3077276556636287,0.0,0.4333307804242935,0.0,0.0,0.0,0.0,0.25894156391207784,0.0,0.0,0.0
271,0.0,1.0,0.0,0.0,0.0,0.0,0.0,0.0,0.0,0.0,0.0
272,0.0,0.11195079086115993,0.3541300527240774,0.0,0.0,0.0,0.5339191564147627,0.0,0.0,0.0,0.0
273,0.5660377358490566,0.0,0.0,0.43396226415094336,0.0,0.0,0.0,0.0,0.0,0.0,0.0
274,0.0,0.0,0.6315789473684211,0.0,0.0,0.3684210526315789,0.0,0.0,0.0,0.0,0.0
275,0.06394904065298904,0.0,0.0,0.4412483805056244,0.06281115736734867,0.0,0.2715374649265381,0.0,0.0,0.16045395654749978,0.0
276,0.0,1.0,0.0,0.0,0.0,0.0,0.0,0.0,0.0,0.0,0.0
277,0.0,0.0,0.0,0.25338735932358214,0.10820812497804219,0.3619819418908316,0.0,0.0,0.0,0.27642257380754415,0.0
278,0.3147675772059734,0.42036702246217095,0.0,0.0,0.0,0.0,0.0,0.2648654003318557,0.0,0.0,0.0
279,0.0,0.3459915611814346,0.0,0.0,0.0,0.0,0.0,0.6540084388185654,0.0,0.0,0.0
280,0.1899547083079835,0.0,0.0,0.436895829108362,0.37314946258365445,0.0,0.0,0.0,0.0,0.0,0.0
281,0.09497964721845317,0.0,0.0,0.655359565807327,0.0,0.0,0.0,0.0,0.2496607869742198,0.0,0.0
282,0.0,0.14822283841693976,0.4688681623392993,0.38290899924376104,0.0,0.0,0.0,0.0,0.0,0.0,0.0
283,0.0,0.22987876322303377,0.0,0.3959023144396693,0.08453430201558775,0.0,0.0,0.2896846203217092,0.0,0.0,0.0
284,0.0,0.0,0.0,0.0,0.12732919254658387,0.0,0.0,0.0,0.0,0.0,0.8726708074534162
285,0.15425526897236289,0.0,0.0,0.1773935593182173,0.15151051329669807,0.0,0.0,0.12980016535479316,0.0,0.38704049305792865,0.0
286,0.0,0.0,0.42060239624982143,0.0,0.14668695669922596,0.2453513978123958,0.0,0.0,0.0,0.1873592492385568,0.0
287,0.0,0.42519514831271765,0.0,0.0,0.15635883271286177,0.0,0.0,0.0,0.4184460189744206,0.0,0.0
288,0.16238397150337994,0.14457411656429955,0.0,0.0,0.15949457699264366,0.5335473349396769,0.0,0.0,0.0,0.0,0.0
289,0.0,0.2121800203308382,0.0,0.2740658595939993,0.0,0.0,0.0,0.20053599482487755,0.313218125250285,0.0,0.0
290,0.08699898893081702,0.03872858216920242,0.0,0.10004883727043958,0.0,0.0,0.1847055457300423,0.0732064662954436,0.11434152830907382,0.10914418611320681,0.2928258651817744
291,0.0,0.0,0.0,0.0,0.0,0.0,0.0,0.0,0.0,0.0,1.0
292,0.0,0.0,0.0,0.1238452385466505,0.0528876463544415,0.0,0.2286373634707394,0.09061846722925647,0.1415374154818863,0.0,0.3624738689170259
293,0.12933753943217666,0.0,0.0,0.0,0.0,0.0,0.0,0.0,0.0,0.0,0.8706624605678234
294,0.0,0.10690732384588685,0.0,0.27617725326854103,0.0,0.0,0.0,0.0,0.3156311465926183,0.30128427629295385,0.0
295,0.04345454984396441,0.5416399374099304,0.12238220160136914,0.0,0.0,0.0,0.0,0.0,0.0,0.0,0.292523311144736
296,1.0,0.0,0.0,0.0,0.0,0.0,0.0,0.0,0.0,0.0,0.0
297,0.0,0.0,0.3213639674963355,0.2624472401220073,0.2241542264387251,0.0,0.0,0.19203456594293217,0.0,0.0,0.0
298,0.0,0.08069495358749477,0.0,0.0,0.08902290253424691,0.2978028049062307,0.0,0.3050662879527241,0.0,0.22741305101930342,0.0
299,0.0,0.35170795306388525,0.0,0.45428943937418514,0.1940026075619296,0.0,0.0,0.0,0.0,0.0,0.0
300,0.07756958376221205,0.1381239039894873,0.21846127671806664,0.0,0.30475736823303246,0.0,0.0,0.26108786729720157,0.0,0.0,0.0
301,0.0,0.38193909889667893,0.3020436751478839,0.0,0.31601722595543724,0.0,0.0,0.0,0.0,0.0,0.0
302,0.22843450479233227,0.0,0.0,0.0,0.0,0.0,0.4849840255591054,0.0,0.0,0.2865814696485623,0.0
303,0.12933753943217666,0.0,0.0,0.0,0.0,0.0,0.0,0.0,0.0,0.0,0.8706624605678234
304,0.0,0.1733333333333333,0.0,0.0,0.0,0.0,0.8266666666666667,0.0,0.0,0.0,0.0
305,0.1075223932515871,0.0,0.0,0.24730150447865032,0.10560918340725282,0.0,0.0,0.0,0.0,0.5395669188625098,0.0
306,0.1675423234092236,0.0,0.0,0.0,0.0,0.5504962054874488,0.0,0.2819614711033275,0.0,0.0,0.0
307,0.21586305876886294,0.0,0.0,0.49648503516838477,0.10601103953773341,0.0,0.0,0.18164086652501882,0.0,0.0,0.0
308,0.5382284235115853,0.19167876759896457,0.0,0.0,0.0,0.0,0.0,0.0,0.0,0.27009280888945003,0.0
309,0.16325729217128346,0.07267582683753908,0.0,0.0,0.0,0.0,0.0,0.0,0.21456672685368683,0.0,0.5495001541374906
310,0.0,0.18957851680597546,0.0,0.0,0.0,0.0,0.45207184776809534,0.35834963542592924,0.0,0.0,0.0
311,0.30303030303030304,0.0,0.0,0.6969696969696969,0.0,0.0,0.0,0.0,0.0,0.0,0.0
312,0.1390847327265735,0.4953211126778618,0.0,0.0,0.0,0.0,0.0,0.0,0.3655941545955647,0.0,0.0
313,0.0,0.10690732384588685,0.0,0.27617725326854103,0.0,0.0,0.0,0.0,0.3156311465926183,0.30128427629295385,0.0
314,0.14165237868803382,0.06305815567402795,0.0,0.0,0.139131873729172,0.0,0.30073889629151795,0.0,0.0,0.3554186956172484,0.0
315,0.4119689001551209,0.183392607165828,0.0,0.0,0.40463849267905116,0.0,0.0,0.0,0.0,0.0,0.0
316,0.1924530791519259,0.17134532208365016,0.0,0.22132104102471478,0.0,0.0,0.0,0.1619422251400352,0.2529383325996741,0.0,0.0
317,0.18904534870828252,0.336622685441845,0.0,0.0,0.0,0.0,0.0,0.0,0.0,0.47433196584987247,0.0
318,0.2842622476997929,0.0,0.0,0.0,0.09306806686256566,0.6226696854376416,0.0,0.0,0.0,0.0,0.0
319,0.30608807919527703,0.09083904285795319,0.0,0.2346675273830457,0.10021389069738607,0.0,0.0,0.0,0.26819145986633797,0.0,0.0
320,0.18827079506691155,0.0,0.0,0.0,0.0,0.0,0.0,0.316845972185778,0.49488323274731044,0.0,0.0
321,0.1339824125373565,0.0,0.3773382230643918,0.0,0.26319676768904193,0.0,0.0,0.22548259670920973,0.0,0.0,0.0
322,0.10674574841785235,0.09503815020428144,0.0,0.0,0.0,0.35073603051580055,0.0,0.17964528392272713,0.0,0.2678347869393386,0.0
323,0.0,0.13122044994025045,0.0,0.0,0.0,0.24213297310403353,0.0,0.24803865537486364,0.19370637848322686,0.1849015430976256,0.0
324,0.13065243983922864,0.3489684522157462,0.0,0.30050061163022584,0.0,0.0,0.0,0.21987849631479942,0.0,0.0,0.0
325,0.0,0.0,0.0,1.0,0.0,0.0,0.0,0.0,0.0,0.0,0.0
326,0.07871290472861991,0.0700798764680616,0.0,0.18103968087582578,0.0773123192352281,0.25862811553689397,0.3342271031553707,0.0,0.0,0.0,0.0
327,0.4281767955801105,0.5718232044198895,0.0,0.0,0.0,0.0,0.0,0.0,0.0,0.0,0.0
328,0.6706443914081146,0.0,0.0,0.0,0.32935560859188545,0.0,0.0,0.0,0.0,0.0,0.0
329,0.12682714046636806,0.11291706699586318,0.0,0.0,0.0,0.0,0.0,0.4268815947404584,0.33337419779731037,0.0,0.0
330,0.1936486174040377,0.08620486839276516,0.0,0.22269591001464334,0.0,0.0,0.0,0.0,0.2545096114453067,0.24294099274324726,0.0
331,0.08397896231188032,0.07476836644541603,0.0,0.0,0.0,0.27593087616760675,0.0,0.0,0.0,0.0,0.5653217950750968
332,0.45091259200977296,0.4014576625635398,0.0,0.0,0.14762974542668725,0.0,0.0,0.0,0.0,0.0,0.0
333,0.5382856174826359,0.15974928002710487,0.0,0.0,0.0,0.0,0.0,0.3019651024902592,0.0,0.0,0.0
334,0.14224996487400096,0.0,0.6009335250799632,0.0,0.06985941335449158,0.0,0.0,0.0,0.18695709669154412,0.0,0.0
335,0.0,0.22227876443946876,0.0,0.1435550353671569,0.0,0.2050786219530813,0.26502468067782814,0.0,0.16406289756246503,0.0,0.0
336,0.0,0.0,0.0,0.0,0.5385878489326765,0.0,0.0,0.46141215106732353,0.0,0.0,0.0
337,0.0,0.21337720685945707,0.0,0.5512244510535974,0.23539834208694554,0.0,0.0,0.0,0.0,0.0,0.0
338,0.0,0.11195079086115993,0.3541300527240774,0.0,0.0,0.0,0.5339191564147627,0.0,0.0,0.0,0.0
339,0.0,0.0,0.0,0.0,0.0,0.6074766355140186,0.39252336448598135,0.0,0.0,0.0,0.0
340,0.13684338728379894,0.0,0.3853956621462093,0.0,0.13440845156700537,0.0,0.0,0.0,0.0,0.3433524990029864,0.0
341,0.0,0.0,0.3931008598334926,0.0,0.13709567353623583,0.0,0.0,0.4698034666302716,0.0,0.0,0.0
342,0.0,0.16598646761894534,0.0,0.0,0.36623348727311783,0.0,0.0,0.0,0.0,0.46778004510793686,0.0
343,0.0,0.0,0.1854974704890388,0.30297920179876336,0.0,0.0,0.0,0.0,0.34626194491287243,0.16526138279932545,0.0
344,0.5290102389078498,0.4709897610921502,0.0,0.0,0.0,0.0,0.0,0.0,0.0,0.0,0.0
345,0.0,0.13747954173486088,0.0,0.3551554828150573,0.0,0.5073649754500819,0.0,0.0,0.0,0.0,0.0
346,0.0,0.09254013220018886,0.2927289896128423,0.0,0.0,0.341517154548316,0.0,0.0,0.2732137236386529,0.0,0.0
347,0.0,0.1726018982991357,0.0,0.0,0.1904149055969113,0.6369831961039532,0.0,0.0,0.0,0.0,0.0
348,0.0,0.0,0.0,0.46323026818382856,0.19782075509629693,0.0,0.0,0.33894897671987456,0.0,0.0,0.0
349,0.18486965411484071,0.32918725506900665,0.0,0.0,0.0,0.0,0.0,0.0,0.4859430908161527,0.0,0.0
350,0.2005804412324222,0.08929064803249763,0.2824500090823905,0.23066750741728553,0.197011394235404,0.0,0.0,0.0,0.0,0.0,0.0
351,0.13597654603168652,0.18159448405522005,0.0,0.15637302793643948,0.06677851726823039,0.0,0.2886886669595806,0.0,0.0,0.17058875774884305,0.0
352,0.0,0.14822283841693976,0.4688681623392993,0.38290899924376104,0.0,0.0,0.0,0.0,0.0,0.0,0.0
353,0.0,0.0,0.0,0.0,0.3685393258426966,0.0,0.0,0.6314606741573033,0.0,0.0,0.0
354,0.0,0.09218978940165287,0.29162076239298357,0.0,0.10170403812993734,0.34022422279181413,0.0,0.17426118728361215,0.0,0.0,0.0
355,0.11631875512152264,0.0,0.6551831921130663,0.0,0.22849805276541102,0.0,0.0,0.0,0.0,0.0,0.0
356,0.0,0.20699366345928186,0.43651724947195497,0.3564890870687632,0.0,0.0,0.0,0.0,0.0,0.0,0.0
357,0.18982821849063888,0.0,0.0,0.0,0.18645049218297627,0.6237212893263848,0.0,0.0,0.0,0.0,0.0
358,0.2226528171956262,0.0,0.0,0.0,0.21869102329534817,0.0,0.0,0.0,0.0,0.5586561595090257,0.0
359,0.0,0.15039406588588147,0.0,0.19425900176926358,0.16591516165346357,0.27751285967037653,0.0,0.0,0.0,0.2119189110210148,0.0
360,0.0,0.6444954128440367,0.0,0.0,0.35550458715596334,0.0,0.0,0.0,0.0,0.0,0.0
361,0.0,0.5005467013272894,0.0,0.0,0.18406818198275177,0.0,0.0,0.3153851166899588,0.0,0.0,0.0
362,0.0,0.0,0.0,0.0,0.0,0.0,0.0,1.0,0.0,0.0,0.0
363,0.06511635581776141,0.0,0.1833889204663485,0.14976761838085126,0.0,0.0,0.0,0.0,0.0,0.1633828564154741,0.4383442489195647
364,0.0876545653270204,0.23412251642184806,0.0,0.0,0.08609487555251827,0.0,0.37219476969627124,0.0,0.0,0.2199332730023421,0.0
365,0.16616314199395774,0.0,0.0,0.0,0.0,0.0,0.0,0.0,0.0,0.8338368580060423,0.0
366,0.0,0.0,0.28056979298409107,0.0,0.19569992677893897,0.0,0.0,0.0,0.52373028023697,0.0,0.0
367,0.0,0.09857351865398684,0.6236283833211412,0.0,0.0,0.0,0.0,0.0,0.0,0.277798098024872,0.0
368,0.0,0.0,0.5504587155963303,0.44954128440366975,0.0,0.0,0.0,0.0,0.0,0.0,0.0
369,0.0,0.16216216216216214,0.0,0.8378378378378378,0.0,0.0,0.0,0.0,0.0,0.0,0.0
370,0.0,0.27906976744186046,0.0,0.7209302325581396,0.0,0.0,0.0,0.0,0.0,0.0,0.0
