ID,lvl1_наука_и_техника,lvl1_политика,lvl1_силовые_структуры,lvl1_экономика_и_финансы,lvl1_медиа,lvl1_спорт,lvl1_происшествия,lvl1_бизнес,lvl1_общество_и_путешествия,lvl1_культура
0,0.06963177316567792,0.18784101204819548,0.019394062936886048,0.11507478282767508,0.05679887692124879,0.0371225923403237,0.0,0.0241630281738178,0.40651480350122665,0.08345906808494846
1,0.05967696769709931,0.17783476591791753,0.010065464379740244,0.14158501860506825,0.03148764235058868,0.044724016929371925,0.0,0.006890602121704896,0.3908161209715414,0.13691940102696784
2,0.04892013611835225,0.19891325851237818,0.016058292755098492,0.17385680139075144,0.03797126369233735,0.05509510991413491,0.0,0.045124583779281704,0.35607159404706223,0.06798895979060351
3,0.07037384631198783,0.13884614860214575,0.012210169171133066,0.18629613987228932,0.020573790665429567,0.04512698858369713,0.0002600154924096301,0.013610316438048031,0.4014782126046599,0.11122437225819964
4,0.028117512571583833,0.13694196377158127,0.012192122084986616,0.13253036396867687,0.02241186208881454,0.0451340580213945,0.0,0.009359936455362228,0.5068494554227173,0.10646272561488278
5,0.030990605447251775,0.18317275294224658,0.01692550016790535,0.14781851003688112,0.045754234747391494,0.029624102005756457,0.0,0.008295080047008732,0.3586348986442434,0.17878431596131505
6,0.0185766495537529,0.11429650921795062,0.019559972387498355,0.1417415514651644,0.06587033709855174,0.08319590965480954,0.0,0.010917643659744836,0.39425256418872356,0.151588862773804
7,0.026215099048732378,0.12573770090996764,0.011454754907012282,0.1062886387671197,0.05922767030849865,0.047723210031271085,0.0,0.02848346749395993,0.46412328465173536,0.13074617388170298
8,0.04950866311003122,0.1399923808553162,0.02945310666353013,0.13929986745387127,0.03699484828010018,0.09075500156801865,0.0,0.02896548524426718,0.37196316832851933,0.11306747849634581
9,0.019151037370687112,0.24091923038812,0.02461479220695328,0.07727417983259773,0.04129205980021464,0.09498236985435281,0.0,0.016631554360811766,0.38397444996428814,0.10116032622197459
10,0.020239277945784995,0.20802136662723641,0.04101322726830031,0.15100885468397743,0.07172368488407688,0.06416612070221461,0.0,0.0,0.3438458032088696,0.09998166467953969
11,0.03934632199803662,0.24144153548318453,0.010969288991497617,0.1723226893104537,0.03268942516824441,0.0515686781868409,0.0001316280787681684,0.006237230453653846,0.3294551896748168,0.11583801265450341
12,0.044573351880210235,0.23341840999180385,0.017997132560916396,0.07786564457764147,0.05655319304644888,0.052748141504243735,0.005340971626087739,0.008173952112106309,0.3627075127408861,0.1406216899596553
13,0.08789856235333629,0.14921329222746416,0.018797876520563264,0.13648576200756646,0.03659184090896233,0.027926355397146222,0.005634475856099022,0.0042220063160388335,0.44387148286226297,0.08935834555056044
14,0.07127236055767665,0.13355657704258497,0.024365612594477136,0.14819110143271602,0.04184683866595198,0.06781609034703734,0.0002716977652157679,0.03649953110109705,0.3694811047984377,0.10669908569480528
15,0.07064922987686315,0.13301161774679054,0.0255617906137265,0.1415552016493395,0.0367998451291939,0.07705180789022745,0.0,0.006959100728962059,0.409050778746109,0.0993606276187879
16,0.0595448664768049,0.11528322139622106,0.005921209184562386,0.18352192981847526,0.033555582739808604,0.06391503929340926,0.012038438397126447,0.01291064771003528,0.349356408095555,0.16395265688800173
17,0.05775201850223326,0.17227168341337826,0.0039140007359224445,0.17436940420900748,0.018986592583762403,0.05132471925176815,0.0,0.021470404765204107,0.35132270933607673,0.1485884672026471
18,0.049050941737458005,0.19889933020084197,0.005905236015919862,0.17020846760690342,0.05652887681633204,0.04144359161140409,0.0,0.006427992818465261,0.3658301765563663,0.10570538663630895
19,0.03856707208793313,0.18313827128673638,0.01179593561121427,0.11576652402360779,0.031089710289552607,0.10005463962422656,0.005619730629100772,0.03765503599581693,0.35034267400326513,0.1259704064485464
20,0.05987731537986031,0.2552310742037939,0.014706888699136075,0.11409960047750771,0.04735602446340477,0.0527381174178614,0.0023666012937567484,0.005388278303662674,0.3246543158802963,0.1235817838807201
21,0.08389128204906221,0.18323066025068976,0.009178174242855715,0.1337538928386293,0.03999866485322423,0.03890175475007707,0.0,0.010848484312167776,0.3553302339318595,0.14486685277143443
22,0.053569591726752845,0.2354741686744073,0.017547908436278705,0.13034551180786227,0.07616655742734087,0.06709725989513225,0.0,0.005252427035545318,0.31420689959534776,0.10033967540133272
23,0.037674229335987984,0.1763976325176639,0.01475881835779505,0.11523634073862726,0.05745459319682224,0.08893722519983642,0.00010551877285310174,0.005198852706427808,0.3949869929305671,0.109249796243419
24,0.057259066703713835,0.21741567118297614,0.015710963517776157,0.0994504876760614,0.0450371109161439,0.07165606277057855,0.0,0.005791177699452345,0.4042665883225147,0.08341287121078285
25,0.062247481994424245,0.18417960613782877,0.031201979263696795,0.12819169457941182,0.05289049154257204,0.05348895079364687,0.0,0.006475855914315876,0.39059570350523815,0.09072823626886554
26,0.02384643683062604,0.21209930693437862,0.00588985720927139,0.12213900973000313,0.038906062736599425,0.0683497544914274,0.0001428412757417376,0.0075705035929479235,0.44723500744511807,0.0738212197538862
27,0.03882773254709837,0.1367636011988438,0.016407012425425423,0.12506955543266116,0.034459137471804964,0.047695225021443854,0.0,0.021471671557864364,0.448976639481884,0.13032942486297408
28,0.043654857982487305,0.1619553849995652,0.01771737612038529,0.1668904189598379,0.02720332196260968,0.06307068311677237,0.0,0.009892372452641641,0.37134707590065347,0.1382685085050473
29,0.059972673181305426,0.18600764657472488,0.008478428317908645,0.15439282006542096,0.02897297247434668,0.037102654602500854,0.005726352137178635,0.03564422287244673,0.3729660310108178,0.11073619876334942
30,0.05486210040397836,0.15766474707601286,0.017473852640804463,0.1520851650279742,0.03473900785162046,0.05787237787769336,0.0,0.013899050891184725,0.37558287568705534,0.13582082254367608
31,0.04045132862917805,0.13781056373858483,0.02104396688296826,0.14389895080160173,0.042980186329249534,0.06608402091124968,0.0,0.010169558090916858,0.39469217976049104,0.1428692448557599
32,0.044496792170619505,0.16341691201307387,0.027769115569044097,0.13509442917478956,0.05780931908089909,0.06434359485023398,0.0,0.017326839119168047,0.36888319464894653,0.12085980337322517
33,0.03566861748861793,0.1650963455543691,0.009957249087102677,0.15157503532966135,0.04036159099295303,0.09104500370393297,0.0,0.006320637600610489,0.38700633225958847,0.11296918798316394
34,0.051950339053996174,0.24814732054067282,0.0075075037986959215,0.1383210041662397,0.04083059686104298,0.0892322294330966,0.0,0.00648278552741493,0.2938723840782464,0.12365583654059459
35,0.05076048662271812,0.15234640791365625,0.020405914757521616,0.09130007684489203,0.030737695880802596,0.11421113962765747,0.00010070230775018559,0.011223329708535592,0.37842645240388634,0.15048779393257986
36,0.04297291112619072,0.12911425784484143,0.02512702169875478,0.15480808297641235,0.038584997996219034,0.038842845966887196,0.0,0.012614936889649153,0.43806388416544634,0.119871061335599
37,0.04999587077891263,0.12904360064624054,0.0074098910604810326,0.1338231536657355,0.04488543747543545,0.0375347702711303,0.0036128458654538114,0.020367478585949058,0.45164718554722316,0.12167976610343846
38,0.04305874524587325,0.167780753389766,0.00719878725936143,0.14729458670040713,0.05139411532109987,0.043496568805521156,0.0,0.01214002838781978,0.43565566927393257,0.09198074561621883
39,0.05749902759537994,0.13313219577901425,0.019489995490881883,0.14809618589511503,0.03314432536627106,0.05002499747681299,0.0,0.008433642980610332,0.4467785914586993,0.10340103795721525
40,0.010947489597516222,0.11888067534482907,0.002511134222743238,0.16239897567971834,0.02719489047578781,0.07803973884388667,0.0,0.05662684215901386,0.43395800814376173,0.10944224553274304
41,0.03812741337449261,0.18268404188700058,0.01162740454759246,0.13454756767514583,0.026739930820200056,0.08469247356905164,0.0,0.00965935041539169,0.3513211836777005,0.16060063403342456
42,0.04812643145000724,0.1043261430518677,0.007118025670802601,0.14471176244954054,0.02915414715012263,0.062447005843383745,0.00263689101420088,0.015926540328111395,0.4334339919228672,0.152119061119096
43,0.05910742862242928,0.10813072251927396,0.0028024058752123583,0.12599688529233363,0.04024605762759922,0.05188528799184056,0.0,0.013307588334408182,0.4433629329781864,0.15516069075871636
44,0.02815433534914955,0.22086948045899746,0.00840094968887506,0.1012108073013941,0.03373868321338694,0.042912461835816366,0.0,0.0030667199525587644,0.3502859142739323,0.21136064792588952
45,0.06466374785762834,0.16320690530781415,0.006144525297175219,0.09169538862885038,0.04436039644394876,0.10535204617968788,0.0,0.0027492312505489266,0.4171189259976045,0.10470883303674193
46,0.04433941000641605,0.19704773675315795,0.026776946913768418,0.10208485125042742,0.06531192960994005,0.12461930422182266,0.0,0.014252022408368724,0.3271851379014557,0.09838266093464293
47,0.017806508473575077,0.16799812925470498,0.014639997465292695,0.12237774761035404,0.025462141082871113,0.0935449198153847,0.00010787991080016112,0.00931569312006964,0.4568371037685589,0.09190987949838883
48,0.033848587510706137,0.18867017557537638,0.01623038103306595,0.1024763490992053,0.036340496403210354,0.06763483943310832,0.0,0.0,0.46967315083576405,0.08512602010956356
49,0.0793624069680498,0.12474746797749026,0.011491605457135401,0.08880270672885691,0.06508885032624259,0.0710396141886332,0.0,0.0042206703795829685,0.4832685461693322,0.07197813180467667
50,0.07176233227280368,0.16217639320877006,0.014928778689622668,0.11966688362079476,0.05954937917146281,0.07540706042716613,0.002946125128902354,0.003394744691893217,0.41365936194653513,0.07650894084204925
51,0.030748696773106925,0.12850699758386241,0.010475175850220623,0.08856084740614309,0.04707670386653839,0.09916440217076426,0.0,0.010555405754570807,0.45853753374972017,0.12637423684507326
52,0.02883424648348544,0.15832323143077462,0.01327047413010436,0.10236433588404077,0.058853811802601394,0.07795427253188227,0.005627412602785436,0.011220111733531076,0.4021734833238555,0.1413786200769391
53,0.05552979393305984,0.1906579251131756,0.0066985776633309265,0.07577854422653857,0.04789470602424316,0.10405938577266757,0.0,0.012820811811124676,0.4102084280893957,0.09635182736646392
54,0.017761162030407545,0.20399197551184323,0.022522659193808147,0.08618784376959189,0.05816479469152855,0.0869556049265228,0.0,0.004816581433007028,0.35885165361300286,0.160747724830288
55,0.022864190617039863,0.19318220212194706,0.017929056795876003,0.061383764541476885,0.013522378233866527,0.13382036638484124,0.000118960007071197,0.0,0.4195540811058468,0.13762500019203436
56,0.014761844993379042,0.1825575470695681,0.033373092189931855,0.04460295639758793,0.04058131131323209,0.22336443127002892,0.0,0.004521886005289816,0.35130608271269376,0.10493084804828846
57,0.046808375617905136,0.12944252313864402,0.01966554229402326,0.07013265609653362,0.06587299352000013,0.2133514460075383,0.0,0.0,0.3075136578673884,0.14721280545796708
58,0.030522789908693046,0.19470981277926203,0.013256335119178493,0.0621771214755603,0.024873176091128976,0.16641443145410548,0.0,0.011456954050849321,0.39103612889482536,0.10555325022639707
59,0.013025407072119691,0.1940322835023978,0.014562627402714828,0.1070750807666308,0.043530071568227705,0.16374873719421043,0.00010408985368068604,0.002488881719976416,0.32687985060185437,0.13455297031818741
60,0.028917528516561358,0.19799601820949572,0.09182353062381872,0.09057525593188612,0.018102874103676347,0.09439319098807912,0.01722928062389527,0.01058855615193504,0.34244832846550005,0.10792543638515231
61,0.02788861896502992,0.282301784672522,0.013283544578683231,0.09477372896118641,0.028997882117744418,0.024765011621475434,0.011194320190127201,0.0,0.3822647647853417,0.13453034410788964
62,0.04028807198904429,0.22316081807731508,0.017806558715622547,0.050879410914770565,0.047786538483265,0.1064762331118345,0.0,0.0014383751331456167,0.3903006375173376,0.12186335605766475
63,0.02525642630207823,0.23265912160518962,0.030323425100125877,0.11628068481916834,0.027922784652863276,0.0904784635271571,0.0002047316020243649,0.0,0.36301964235988354,0.11385472003150969
64,0.028981126358946153,0.1250470362627291,0.012797121937509363,0.07680666007054751,0.04761784008853795,0.058020839690501064,0.006233405994459141,0.01193621623064308,0.49916605428384175,0.1333936990822848
65,0.06065574477762696,0.16319297915161207,0.03204818477666346,0.07746283115412686,0.0455018443901403,0.10276703214571793,0.0,0.00566999663810651,0.39080052277419197,0.12190086419181378
66,0.027488539187827482,0.21268609159765064,0.02769118418270979,0.07059062653016526,0.04462345975863118,0.09110620311130273,0.0,0.002532948693252513,0.36957226607128785,0.15370868086717254
67,0.02033595251032381,0.1886190191839306,0.02517522235760507,0.04845085098845038,0.0710124122112134,0.16050293412849548,0.0,0.005127542453015903,0.37941810072527943,0.10135796544168586
68,0.0403045571360386,0.18716280921232295,0.024919516020995,0.0583952878440845,0.05268790693895108,0.180334176834605,0.0002998803367101548,0.0042785115658075055,0.38603359618304434,0.0655837579274408
69,0.02440138950684436,0.15224093402210473,0.012958071273291296,0.06839581891154559,0.05923948208616228,0.20945007973039134,0.0,0.0,0.3363932553977816,0.13692096907187867
70,0.026113848297842353,0.15201745096249544,0.009419425946296802,0.11823055701189976,0.05348641137218512,0.20509397853655884,0.0,0.0031339724884286886,0.34527010988909407,0.08723424549519884
71,0.018446455273543976,0.2485192479415916,0.02383047958142042,0.15139323470546506,0.04820161428875518,0.06999904942850906,0.0027752304745541486,0.010674347519959744,0.3346893190001955,0.09147102178600529
72,0.04024095872576834,0.21579781429832934,0.020041505490165593,0.1154201004605927,0.09344817311277198,0.07518868735237634,0.004602968724669622,0.013082728756128913,0.3675599462986402,0.05461711678055684
73,0.06554260431686548,0.1918499228841045,0.012496652958631742,0.13206741909571781,0.05875543026966034,0.06902233200679862,0.005221200220251872,0.04076852299535949,0.3585837626292377,0.06569215262337243
74,0.029448524079306683,0.2589566528262512,0.014859306037591596,0.10264438185798384,0.06856115807821865,0.056469560135973706,0.0,0.0026696398746586377,0.34480471360436127,0.12158606350565439
75,0.048209758519188094,0.14924262496888033,0.010732512086518778,0.13754185792760001,0.06843407245434792,0.07076663652978589,0.0,0.014999798056659104,0.3834079479156939,0.11666479154132608
76,0.036805267554215794,0.13427090724488902,0.01123191550357168,0.09984813732562564,0.08298998329015227,0.07667870121601493,0.0,0.014439377404787358,0.39979419368048086,0.14394151678026246
77,0.020621639734444218,0.13848506062531968,0.00816641013795035,0.14849859237699561,0.057178738686818394,0.05494774124280456,0.0,0.014147113390862774,0.46541227761372506,0.09254242619107936
78,0.03151041210446649,0.13190242749532138,0.021353132589857063,0.1469931270661595,0.06912907722859626,0.0763577660321719,0.003107880376008668,0.013242879495747869,0.398835080455923,0.10756821715574774
79,0.05046318252352754,0.16885408045067282,0.008091830631373954,0.1272782149450093,0.04414677514337762,0.09266446700684985,0.0017055216638157528,0.014431983627308003,0.3714279659799971,0.1209359780280681
80,0.04867694943787633,0.1402785331515898,0.02626750751368226,0.09250448611227205,0.03335649848739173,0.11071993842416754,0.0,0.0,0.40755227441636904,0.14064381245665122
81,0.08019762255162355,0.14788941199331768,0.025745519734732845,0.1265344754768195,0.0896371558933286,0.08501243988554108,0.0,0.0025274864381004385,0.34431538961548597,0.09814049841105028
82,0.053119917827706975,0.15841429998940995,0.02221259694853243,0.11479786962694159,0.06879230916989594,0.14572812036065308,0.0032241888251610842,0.0,0.35153856046274135,0.08217213678895753
83,0.05369174279606177,0.14068185990622703,0.016673843277330368,0.12453160724625233,0.06302257943105743,0.07381986885676964,0.0,0.02374348317797151,0.3884405411550862,0.11539447415324391
84,0.04627604549855956,0.13745276418517136,0.02673705480546996,0.10050989371679976,0.04219840843917981,0.09268854955823302,0.0023464271382949344,0.012237500725690619,0.4668726610226183,0.07268069490998255
85,0.06385334719923703,0.17593752340382338,0.011805605340398252,0.12066492889840451,0.06217531260653982,0.031033875737823687,0.0028686419166589275,0.0098461781222807,0.43932491359377873,0.08248967318105506
86,0.06981774100879687,0.16432971120008769,0.012142302259294111,0.1856074560665694,0.07044011086269199,0.036963818208963176,0.0,0.016567315524417345,0.3579308761862189,0.08620066868296047
87,0.0592816618287344,0.17915670574348913,0.003279452514611458,0.13924535869601817,0.06744424542515565,0.051301026564158136,0.0022836800513451883,0.014761373520529166,0.37574794202000383,0.10749855363595477
88,0.03811174223061159,0.17435326507692178,0.006431362814215968,0.13392825094306027,0.0383494738608976,0.10693026225551833,0.0,0.008734989291179643,0.36141086907948355,0.13174978444811133
89,0.06423653224609906,0.1443652689298851,0.006393098598346586,0.1347290407559298,0.04411476149050897,0.05043084611081558,0.0,0.0291349368461735,0.35523447819336307,0.1713610368288782
90,0.05538409906986203,0.146174433477346,0.011454387361272432,0.12206037738336138,0.04203449376453683,0.05165124654317595,0.0,0.0,0.4329416506004528,0.13829931179999255
91,0.0718538825583448,0.1726039129190955,0.021625033807902056,0.11578684964155199,0.031100587734759908,0.03345511352562634,0.0,0.0016737266949645075,0.45975330580254065,0.09214758731521416
92,0.046414646601826856,0.19183951561992058,0.00528747562751258,0.11270333214023916,0.09439472911808013,0.07413700911314265,0.0,0.005288626028748395,0.3872399540393931,0.08269471171113653
93,0.06911216590018325,0.17065185017405549,0.05478287821140008,0.0753097276411758,0.0810651179963362,0.061835767520402825,0.0,0.0053239477480689044,0.3987040981698269,0.08321444663855064
94,0.057902107710931454,0.15951341636434915,0.05312601659380844,0.12982056523184093,0.08327278430982132,0.1044055383238886,0.019197051590774877,0.0039776869735792045,0.30712926276374775,0.08165557013725838
95,0.03596383796673022,0.22664649668788725,0.0020379023097275256,0.1601964812277,0.07549039492939946,0.0696051384541567,0.00011776044273886033,0.014883620374707186,0.30887080988705345,0.1061875577198994
96,0.05435792920820478,0.26755871191719194,0.021877258831872186,0.0965821612631789,0.06411576798165519,0.03784979595705812,0.0,0.01433765181147642,0.3360262670122651,0.10729445601709742
97,0.05948167563140622,0.21372780892823073,0.01073142589360607,0.12415562846417674,0.06884647808336912,0.0336934962215933,0.005539426381710626,0.006379438655396512,0.38118363135087086,0.09626099038963978
98,0.07188695024766424,0.23599255565722713,0.019309409521110526,0.11741165849224237,0.06835115861100084,0.06426596952166583,0.0,0.003639883534562336,0.3445706596026908,0.07457175481183585
99,0.055743465651616544,0.16262101241714705,0.0017390630062333093,0.17737808936519406,0.0506690663771086,0.04105041604500415,0.0,0.007976826625353919,0.456450383663899,0.04637167684844347
100,0.042416555914143,0.17660957290585852,0.0020676158295493416,0.12226666635028455,0.04291806835100423,0.05721825474075591,0.0,0.010809177318504925,0.4446768255073398,0.10101726308255965
101,0.060923391680418465,0.20953520697346956,0.013192307173066123,0.1279153179041118,0.017484764850878083,0.04389552130547849,0.0,0.0022244881115987864,0.4531765353578186,0.07165246664315997
102,0.042394323188320523,0.15966824342530708,0.01086012257050798,0.13177930559180134,0.05174494518497499,0.047987496767252044,0.0,0.0,0.40782622093155096,0.14773934234028505
103,0.03927434755217758,0.1253537514154636,0.0063231700637511766,0.13821274922931626,0.06298270297034979,0.057136826417196064,0.0018953959562735352,0.009544652992552386,0.4571911324867853,0.10208527091613435
104,0.04518935578267281,0.14708693821905147,0.013154763527714107,0.12907899415381102,0.04717397930978275,0.13901140785746424,0.0,0.011249060411151137,0.31167277773819374,0.1563827230001588
105,0.052703980051125976,0.16168252994508409,0.006343561949467957,0.06166416024157895,0.03568322546095441,0.19944418736114042,0.0,0.0018636544785026598,0.3839899798305054,0.09662472068164006
106,0.044509018514053665,0.19728782469153955,0.025009890743837356,0.13091575178871548,0.05925589581388437,0.14656731100053955,0.020319389761034937,0.0,0.2898930971397555,0.08624182054663962
107,0.04262920883766349,0.2165038000505393,0.02780968961169571,0.10154112338725443,0.026492098488947208,0.1052346865853258,0.00012176454951589589,0.009844586479931005,0.37359609706317537,0.09622694494595187
108,0.053933902554957704,0.2204705727880273,0.030217477080341282,0.1186062225132911,0.042405935709227544,0.04593831788523118,0.0,0.017757770744965515,0.4069284038589584,0.06374139686499998
109,0.08122339199803899,0.20568383984037422,0.02589501249761035,0.11213049312697505,0.058636797789860785,0.04063786485099121,0.005868553846224686,0.0028475102710196305,0.4213611430872736,0.04571539269163146
110,0.06169219003915205,0.19295297804665304,0.0147577473550068,0.14306770847010636,0.03647441085422421,0.06253303105881798,0.014502919610893521,0.002314682279767004,0.3970651378688907,0.07463919441648838
111,0.07681969688116899,0.14769291591537484,0.012930782912581032,0.17267348386992648,0.037634863605875445,0.05610366429463827,0.0,0.002326672282224585,0.38185801829464766,0.11195990194356259
112,0.06508662751129056,0.12341392215417335,0.009571927827724092,0.15043281842683218,0.05724733522190397,0.06387485878873418,0.0,0.005522784289529212,0.4077756547573138,0.11707407102249874
113,0.04629980159056585,0.13732060162156318,0.0073234254082131895,0.11542996200335003,0.051383213072428685,0.03662751704356038,0.0,0.022857191654887192,0.42097557160279486,0.16178271600263663
114,0.07313685310569991,0.1475590260957737,0.0011334019179811998,0.13160057892575713,0.05305116977658001,0.029350615839981328,0.00023367038753503822,0.02757646726409829,0.4226965204080603,0.1136616962785331
115,0.10360548154553043,0.18940422772119614,0.019454182522587387,0.10288331857767917,0.05082490379879038,0.046563153022156224,0.008467469559874197,0.009983091940475974,0.3818402599155441,0.08697391139616596
116,0.05770615170891018,0.1835092719630348,0.024349856286501947,0.0830768409497454,0.04726990433188393,0.09021595443846439,0.0,0.007384056723387279,0.36566328335949805,0.14082468023857403
117,0.041329014159315294,0.1830168763147058,0.03667924974500191,0.12913694740943765,0.03898600408795389,0.08851029405482158,0.0,0.004310868651154354,0.3846924106783503,0.09333833489925926
118,0.028016304996174485,0.13850708642789786,0.02045717640946139,0.12398163797708604,0.05321366917899466,0.11759575441510298,0.03470982568324622,0.003045937964168186,0.3929940921934942,0.08747851475437385
119,0.02209665932877024,0.2269305005299308,0.02794553674600995,0.1320726718713371,0.050443220570291145,0.08552545454829698,0.0,0.009595252754591431,0.36197886838277415,0.08341183526799814
120,0.038435510896861355,0.20623236263653738,0.025312711107473553,0.08150196279067054,0.026078717333137512,0.031687630689665805,0.0,0.05666662754296055,0.45730696143946314,0.0767775155632301
121,0.04723722230627774,0.18453729531179427,0.026712486826322032,0.11355314101573397,0.042265080084180326,0.04223597141100107,0.004759170455091884,0.008387219778141225,0.41861632321559034,0.11169608959586712
122,0.051159564605796036,0.24742271035040608,0.02123354381556978,0.15315484015977857,0.023263275903376117,0.0531308705156999,0.0,0.00396285559060317,0.30418121173800655,0.14249112732076388
123,0.048802504020031785,0.18156896296624253,0.013003788988729233,0.13812903472914326,0.05614304958802176,0.038786280147045236,0.0,0.032769858088469814,0.4025755327586682,0.08822098871364809
124,0.038233554318700076,0.14745357671789214,0.01996682263306577,0.18453464042398102,0.015377677552156287,0.054075652693337736,0.0,0.002064840726473811,0.41582410575296475,0.12246912918142845
125,0.06689036488740682,0.16366683954614533,0.019592822624228425,0.13581392631222244,0.09410687614320194,0.020488933980615725,0.0,0.019557085996633597,0.39163483188153403,0.08824831862801163
126,0.04414044843420713,0.19800534972554115,0.010112102380010795,0.1097871833443438,0.04885648715993193,0.040307312405004854,0.0,0.009948889488906919,0.36137436684577534,0.17746786021627814
127,0.0486351384235664,0.17669311601905116,0.013911000162395654,0.11232111483704352,0.04517619679656043,0.06274236272721327,0.0019405826918087298,0.005124631373250248,0.33657168683264843,0.19688417013646226
128,0.026185070193445098,0.18005082452771923,0.023210620657152695,0.1007871454472747,0.04687123283121854,0.14220071115106508,0.0,0.01580876641324535,0.32978653300531735,0.13509909577356213
129,0.06524950639400076,0.2222295605029791,0.02185840373290873,0.10321503782238023,0.07831136094809077,0.060449367562885534,0.0,0.01834799719803451,0.3352243152531494,0.0951144505855709
130,0.02742130263572562,0.21978960253270016,0.018784360499779593,0.05453314837626727,0.06327647067348925,0.12702851271465443,0.023588621216404784,0.0042360581332671725,0.34130839457675083,0.12003352864096078
131,0.04181258421588309,0.25150341578628993,0.029024633582271135,0.0865980086757746,0.062438613680434886,0.059970110266631266,0.02418671738446281,0.0023702613988124555,0.29123430107817316,0.1508613539312668
132,0.06748727812397085,0.24817605008818946,0.029105181426768035,0.08882432886303115,0.03753318515214404,0.0713090476096794,0.02585658567293979,0.00520290401722123,0.3294559353075165,0.09704950373853952
133,0.05300870918440824,0.23333961325177485,0.012283630100554837,0.09141803897086813,0.05615682158910617,0.038101439708191735,0.04374264131665823,0.0026415171218026195,0.33536968279800045,0.13393790595863486
134,0.018086427340271417,0.23497074616179583,0.007067804585860048,0.09032549650291222,0.040029134014149544,0.08044597899123036,0.0,0.0018269724859414477,0.363042894365241,0.16420454555259825
135,0.046808563038466124,0.19643997136628455,0.015409235738030914,0.07412151524024838,0.09730002015229741,0.12419477644716079,0.0,0.0023718227500050854,0.2911719665533497,0.152182128714157
136,0.018490676151215996,0.20118390107064768,0.006595391469567161,0.06842538493257441,0.046478934529864395,0.06710786262885322,0.0,0.006429816733171658,0.3932888092017202,0.19199922328238517
137,0.06327980471176683,0.20093432443983952,0.020868847961727277,0.07872734879518141,0.060658831776907056,0.08378257352096152,0.0,0.007302728146734417,0.3643318657262962,0.12011367492058579
138,0.04691172808155019,0.21309398180867087,0.021978989652430624,0.06716471892084926,0.07095957212291439,0.09137406795064344,0.0,0.0018819363574459778,0.31672011132822564,0.16991489377726968
139,0.035793386060127254,0.26959633395734317,0.023368961700984306,0.08575441216474738,0.07771834496442218,0.09824539380040176,0.0,0.0,0.3098106246773144,0.09971254267465965
140,0.03511731352153704,0.2032502570207591,0.026533300566761772,0.06288719104853109,0.04547467074078649,0.11202442454094003,0.0,0.0,0.3623030046220804,0.15240983793860405
141,0.06726248195468532,0.18333773023003258,0.009326800240137567,0.05116720893929606,0.04883913553367333,0.24395805230374354,0.0,0.0,0.26867916789102203,0.12742942290740963
142,0.017399669191069434,0.24070392634974125,0.014534458412465137,0.035521501131030794,0.06289000296989251,0.20683446985992132,0.00697133463487003,0.0,0.2961579890177504,0.11898664843325912
143,0.05806683422185858,0.22857191375953195,0.012065529631594955,0.06937213869844831,0.04821987745906827,0.10869197434697851,0.017885376606006115,0.0,0.3269426006041097,0.13018375467240353
144,0.06545220426136035,0.17511250365465836,0.001294501050400689,0.07610559188498947,0.04650611945527641,0.10633287972024798,0.008630124990913304,0.004262867655677626,0.3973956436693932,0.1189075636570826
145,0.05409944046592987,0.19821505880161314,0.018497549406932223,0.07240927874858824,0.047592238946839865,0.05463387819944085,0.008450161286733185,0.009625003490333175,0.39792476869000515,0.13855262196358428
146,0.05470774657748306,0.21004601451444277,0.012116738369453178,0.11793958003185324,0.04805096791959347,0.03966769971253492,0.00032664995811367806,0.007598284630158108,0.39224960678149556,0.11729671150487202
147,0.029689579285995332,0.24630508229019174,0.01066910116826667,0.06957965925405599,0.0545449170922356,0.08250047713705387,0.00011863372649146955,0.0020431956528543984,0.3275802358344994,0.1769691185583556
148,0.008227786500519451,0.14947347205113443,0.0038312914492824833,0.12285206251111032,0.08439774620035145,0.12949096605149749,0.0,0.0039278365457519025,0.3733680523082481,0.12443078638210443
149,0.0559690874067649,0.2223745754649358,0.022356862444361653,0.0640050657644939,0.044577731627798725,0.07722265151436801,0.0,0.004298310003043336,0.3679273935948287,0.14126832217940488
150,0.0423590208271625,0.15342510757489075,0.026620289807558574,0.08534503491220756,0.036108310775213565,0.1394026463388693,0.0,0.0,0.3497827801344831,0.1669568096296147
151,0.04620095967569323,0.22175598463850663,0.020006738009805587,0.07471929516876048,0.046572766075892516,0.1211114118586196,0.0,0.002455831904578145,0.3440247057470268,0.12315230692111698
152,0.02926762503188653,0.17878865833011748,0.022613622718926436,0.06397177724087551,0.07178184504041603,0.21586063386249388,0.0,0.0,0.3065771634099791,0.11113867436530507
153,0.02132833635250122,0.16020679283084105,0.011788396867452299,0.054915024017976675,0.10060737979408399,0.237457282702412,0.0,0.004611721620211898,0.3124266740583635,0.09665839175615741
154,0.02315925802940128,0.18032497417716153,0.032994629299099736,0.11840863019168446,0.07627306829067484,0.21852548585080278,0.0,0.0,0.2579921312002613,0.09232182296091407
155,0.03957118771132775,0.20825203231907302,0.008874588483149733,0.10621772564176643,0.04665558001585755,0.09661308165775044,0.00010559058920609384,0.025461762623322417,0.3544021221137599,0.11384632884478665
156,0.021472292496736368,0.21039399883720336,0.006707936229808266,0.08020990384953065,0.053167802072509894,0.09751536574124384,0.0,0.015229571732102416,0.40533698349440517,0.10996614554646003
157,0.04207998769951263,0.20899291086685334,0.016228162605003666,0.12375597778908826,0.04068311453586031,0.059322859277934584,0.007980059120175721,0.024188626757569803,0.3776239718855044,0.09914432946249724
158,0.05154099699135518,0.1724675929335548,0.014949605902281896,0.11187686659948615,0.045619853898295905,0.08485990369830879,0.0,0.01731217951881365,0.40976713009183985,0.09160587036606391
159,0.06800149846356353,0.2176442213544031,0.024568262591317936,0.2004998368962545,0.040529324674944474,0.05733827999071677,0.0,0.01948780040841589,0.30109399070491244,0.07083678491547131
160,0.04281280925153103,0.1388601589262492,0.02348980556145232,0.14888510450333395,0.06110445724304828,0.07410059012069282,0.0,0.012268124542480522,0.32977188396011237,0.16870706589109966
161,0.08198649509701708,0.14887430625820522,0.011036049405013227,0.1685121232330541,0.041553980260056037,0.026465921165489258,0.0,0.004022087310529816,0.372790550993937,0.14475848627669824
162,0.04091001105086572,0.13563909005891228,0.016634651345997144,0.14683841816194917,0.06175296628907252,0.07123781186844887,0.0,0.010643656295988412,0.40116209942268477,0.11518129550608121
163,0.05113496141989021,0.17216235232615745,0.043232387406401014,0.0773807033637263,0.048416222071948095,0.07492533794442863,0.0,0.0029354256586080992,0.3822364553149096,0.1475761544939306
164,0.04615676760402981,0.10258942812219055,0.012030534824952872,0.10673991081943271,0.0546746369261383,0.08700155829688538,0.0,0.024216340108919824,0.42946452277822905,0.13712630051922145
165,0.055180531787615325,0.13676985160974553,0.011234991528941448,0.10909859105384036,0.06216083610139613,0.10693151786008583,0.002756663165562184,0.013273167025764636,0.34927214001954565,0.15332170984750293
166,0.050257113525783846,0.23304012854353662,0.02909693252933344,0.15625532826356975,0.10526586884489694,0.05894494311877016,0.0003640898455030684,0.0022149470856531704,0.25803339706593614,0.10652725117701688
167,0.038134376170963866,0.3188968090641929,0.030973622296548348,0.0807948948606337,0.07442013284447285,0.05841217506583275,0.0,0.01154378983379585,0.3155938115515276,0.07123038831203221
168,0.03146230252821495,0.2155005759647866,0.018160680892596988,0.12423052576084814,0.07229439665984304,0.0677478995640995,0.0,0.0016891701156131948,0.3702517753066954,0.0986626732073022
169,0.041484804669938785,0.17859367370768253,0.024988519213621524,0.15127791096690402,0.0553779534560038,0.04575234980043241,0.0,0.020440257141296703,0.3843427932225203,0.09774173782159995
170,0.023646569804374105,0.2044490974792406,0.022829393397535543,0.19708450127717833,0.03790905463018146,0.04992456780388517,0.0,0.06802332374303921,0.3213593641640938,0.07477412770047191
171,0.05533645919729715,0.14939954498413557,0.024927043077838332,0.20690595920610322,0.05748110461956384,0.05979877000327974,0.0,0.02205778697581747,0.33659519658644266,0.08749813534952187
172,0.06565492972959922,0.14560638513644533,0.020395608656751472,0.12895939107936352,0.059241651811873526,0.057342974429681316,0.0,0.0020648418856092244,0.41605338111597606,0.1046808361547003
173,0.06024681639477439,0.14640329153084553,0.006650607497581756,0.12900271393482265,0.04008801854660026,0.05959936839287545,0.0,0.03821753324072495,0.41312998093330083,0.10666166952847414
174,0.03391296441855401,0.151140842743803,0.0081189717069322,0.18065329804022956,0.0380147946118913,0.04610615423168531,0.0,0.02050770661506035,0.3973653457162452,0.12417992191559911
175,0.05057832772774577,0.13948972970803528,0.014679827516283023,0.13073318014606786,0.03166195331354409,0.0433359480368132,0.0,0.018083853898361344,0.3341716174355186,0.23726556221763087
176,0.04592072581063581,0.1555988373655556,0.014534831165329153,0.11648746193815779,0.0629733780908311,0.06624592549705856,0.0,0.015221913943521488,0.404529447838619,0.1184874783502915
177,0.06655952742115016,0.12946894194215738,0.01287686125803746,0.1247924334627182,0.04836085986847419,0.08520705556750521,0.0,0.004498477343636341,0.43617525919256017,0.09206058394376082
178,0.09367305349979055,0.16741991951442506,0.03286699838990848,0.1423214085990329,0.06542264480434914,0.0692623612481066,0.0,0.013503227972271636,0.32450986095038403,0.0910205250217316
179,0.0462308974031129,0.1976845186536295,0.02301254852412851,0.16167827590525197,0.04217637159258291,0.03494436967101421,0.022274105868119464,0.0019063606226930798,0.3819960557524855,0.08809649600698205
180,0.022315690262500854,0.1949129583749402,0.01955276962568293,0.173033847516883,0.07161461544522185,0.06090783942911261,0.0,0.007113388969020944,0.35112229387733307,0.0994265964993047
181,0.0863545242429322,0.14561286814128313,0.018427848000114405,0.19247909624798987,0.042796959873020284,0.051117669239666104,0.0,0.015833798981282024,0.3315955049898959,0.11578173028381616
182,0.019522881921475718,0.13875056467769076,0.014445477623666488,0.15717650079094567,0.028254992759946716,0.07920970227265452,0.0,0.0062150873214330835,0.44064121617033725,0.11578357646184986
183,0.03902746689788086,0.11702490622630875,0.012739591009871556,0.209410779988934,0.044727565158226,0.08377008215294685,0.0004190431780511256,0.015662732735366263,0.3755055434998146,0.10171228915260005
184,0.04484546581278812,0.12972399209314917,0.01739707715264309,0.15493542905200586,0.0695765251696299,0.03772421610775013,0.0002554211155973947,0.017825120347163898,0.4298591885647523,0.09785756458452027
185,0.06279947746496943,0.11551144664158722,0.012807951758300483,0.16858656649794643,0.07060630645953737,0.048662229118955985,0.0,0.008832477653409422,0.4193696732623424,0.09282387114295124
186,0.04618071018809989,0.1726928786176047,0.013140458901025729,0.16647917909365595,0.04890678789114985,0.06421034801087841,0.0,0.009814005088785839,0.35696106071431705,0.12161457149448268
187,0.041147048092389525,0.1336119029181439,0.028889510250785247,0.15897783795967463,0.04955851179623385,0.040707104807448276,0.0,0.014816923115409721,0.41813359232102,0.11415756873889497
188,0.052836316137782106,0.19003850625340266,0.023818485011074985,0.13055268575498333,0.06026208362215402,0.07707356753966885,0.0,0.02646471290508306,0.33176686695459673,0.10718677582125412
189,0.06269032942025457,0.14866008061069533,0.006543158077881682,0.07965674088506061,0.0774136816892707,0.08854361530461098,0.0,0.0025861975239731745,0.41763652531675505,0.11626967117149786
190,0.04685347193182764,0.1919579673559767,0.013664395164347561,0.1627127981419365,0.09970251826106528,0.07321450061324732,0.0,0.006160196728887782,0.3365072983357284,0.0692268534669829
191,0.03582708415898309,0.19144542085950558,0.010554525649271717,0.12399241503168364,0.061438004393222855,0.10395799372232822,0.00013032236626145857,0.014031918312239558,0.33792047846488005,0.12070183704162382
192,0.03006602062675616,0.210509920178818,0.025290759748097094,0.11368302700367512,0.04438485469166407,0.07800336591149208,0.0,0.019593774519490858,0.3800060163252035,0.09846226099480324
193,0.06487062400630023,0.13791645652934162,0.019164074102557747,0.16270392629200414,0.07196327343654568,0.06523183716072044,0.0,0.017499209395621395,0.3547814698717315,0.10586912920517737
194,0.04414898114998966,0.17600481446987915,0.012709271000655954,0.1937140338066184,0.04144331271038506,0.04821647241603325,0.00014000537676893854,0.014934774675888782,0.375286952322429,0.09340138207135186
195,0.04759132753773063,0.15255403439937776,0.0044762625988092036,0.17969295718079684,0.07411469680408574,0.04661361565461606,0.0,0.009431983079515599,0.4031191966608134,0.08240592608425472
196,0.05909997154932085,0.14442178617682638,0.022867569398678105,0.17002255682823833,0.040673074699160885,0.04473892571919971,0.0,0.009597742718222528,0.42046157567772063,0.08811679723263248
197,0.05297400178684704,0.1361820280833096,0.013245308394545739,0.1234004541720803,0.04823532702642994,0.0649297201972471,0.0,0.016775250944223885,0.4394910293791776,0.10476688001613872
198,0.0707585189314439,0.1316725774495391,0.00966250537019386,0.1432494672059696,0.027548560393983637,0.027446693429935734,0.0,0.01433398794956343,0.41471385066351435,0.16061383860585635
199,0.03925315400942207,0.1329250356150951,0.009884509868394543,0.115770188709013,0.05230691122470114,0.11433721072611416,0.0,0.0009058192972358957,0.3635918153854344,0.17102535516458972
200,0.04113825575887424,0.1097409990815175,0.025349871301029732,0.12927167960286573,0.025195697086904962,0.05457778141484788,0.0026560419545329315,0.015323780405344978,0.43050998827875187,0.1662359051153301
201,0.04825221217001724,0.12339102367606365,0.03637919952713189,0.04374955958098038,0.04843929612875571,0.12902535649637528,0.0,0.007209163809170041,0.45956737731025815,0.10398681130124766
202,0.03228638541025329,0.155092745740703,0.010950671523829199,0.09548190062703255,0.04565976956967304,0.07973404751500382,0.01462873117502882,0.007432776446018145,0.4864807305065925,0.07225224148586558
203,0.033966964607484065,0.09866014404202823,0.035674143614065255,0.10755829775424583,0.023429473194062765,0.10997488681738074,0.002419244742614368,0.006935043589278881,0.5195854096438698,0.061796391994970126
204,0.042048901919174944,0.16052823055497437,0.02169982746895339,0.08209278951534044,0.03813223635181382,0.046966549272568506,0.0,0.00804960912445773,0.5103896523112159,0.09009220348150086
205,0.051971711798247465,0.12913097295878223,0.036535293687447325,0.12740112847821383,0.02167888199056893,0.03066561192916507,0.0020260805930281786,0.018660660154356728,0.4944319615456355,0.08749769686455469
206,0.033028587903421676,0.1397785301808992,0.02044399746223337,0.14552516948222816,0.030773716328090544,0.08135768169697133,0.0,0.059118682310678544,0.401860591111899,0.0881130435235782
207,0.06179980173225783,0.12648657154241602,0.020367039583407798,0.14723246652183786,0.05059807630536653,0.054151852551889826,0.0,0.004792023059461238,0.4129589286515456,0.12161324005181724
208,0.039167311090270315,0.1511198095268513,0.016687830418438222,0.12333025283850964,0.0273813998325206,0.06367755862422043,0.0,0.0075927202582412295,0.4386049777875263,0.132438139623422
209,0.03511569006653134,0.10142265177223696,0.019913291179506486,0.0869201350609132,0.03561980511540078,0.0950185428916386,0.0,0.009124686565475508,0.4582238996763047,0.15864129767199234
210,0.04219240557644369,0.14768509969339286,0.01663100386857059,0.13131467126690272,0.03384706078690968,0.060125538263032824,0.0,0.025273282865171734,0.4026081256751475,0.1403228120044284
211,0.06888764230159589,0.16356456273580405,0.014894970795763305,0.16127355766676296,0.05735325877310567,0.0584641533184485,0.0,0.021486163476560582,0.3398704326259524,0.11420525830600668
212,0.060829592503236996,0.16381103365710967,0.008948715928793625,0.13472784214626046,0.07938950860363575,0.05681426865105541,0.0,0.0,0.40474555405738155,0.09073348445252642
213,0.06633222236498378,0.12170624667546524,0.009901502823969621,0.08345490883012355,0.05393839241105035,0.07692514887407466,0.0,0.012596779465734113,0.4395211660406928,0.13562363251390572
214,0.03506099584951228,0.15143935004138168,0.013305356569954548,0.14439244954606265,0.03314739057336598,0.09841969169032437,0.0,0.0022281551209746694,0.37222142171924066,0.1497851888891832
215,0.05157618723646251,0.15692151757887082,0.013475753111229992,0.10586364157426043,0.04677878030758092,0.09068838854045477,0.0001036017072533145,0.0020319104472524174,0.44286105531454445,0.08969916418209031
216,0.07506534841074189,0.19669552519109149,0.011946318905280213,0.0994001674581146,0.06266475777755673,0.08568324539608242,0.02022033464676807,0.004217728370011561,0.3479421851931955,0.09616438865115759
217,0.1041322959305521,0.13138987488987233,0.009891950292971699,0.07766726379518786,0.08067406779718675,0.05884465470869568,0.0001682832466110798,0.010483729650602696,0.437428703158296,0.08931917653002368
218,0.04284548643085291,0.13848560179069921,0.006849919962384697,0.11829676580707954,0.07401501396807861,0.11899484227565031,0.0,0.0,0.3856310946212153,0.11488127514403941
219,0.05977340886150294,0.12027585186944253,0.02694677123952895,0.07737126881865866,0.045321678273993006,0.06031681779635019,0.0,0.0,0.4493983996214992,0.16059580351902455
220,0.05234958690359005,0.12960736328527084,0.01569970493380598,0.1297489525441934,0.06377239102085755,0.08486059109610726,0.0,0.0,0.3538313664776075,0.17013004373856744
221,0.08168383336893392,0.11672942780259399,0.005496606101724378,0.07840681464460778,0.06323662658759868,0.03520778154537047,0.0,0.004306319053086524,0.4715465868004683,0.14338600409561592
222,0.04574720975900469,0.15523017293604371,0.01057848428702624,0.08312789691271541,0.05291459079400335,0.06175789873537389,0.0,0.0019831285123794364,0.4453371778404924,0.1433234402229608
223,0.05447416877305968,0.11082881870181692,0.008777829429987775,0.03935063549008435,0.053136515163264265,0.10890486542301,0.0,0.01862375370101332,0.4436781620092134,0.1622252513085503
224,0.05379045556260656,0.13152752205041443,0.01671771915036707,0.07067770355094499,0.057913397104723645,0.17613173950578975,0.0,0.0,0.34637042165675425,0.14687104141839924
225,0.019433633028562235,0.1356525420844153,0.011278436658455128,0.05489375267656976,0.0946925537030088,0.2056210995015492,0.00025273933092649344,0.0,0.3668020592700979,0.1113731837464152
226,0.031465948747077685,0.1803251779067308,0.014498824534943418,0.08658916864563422,0.04856049353708155,0.1509351531885825,0.032991295147941656,0.0029450081019627415,0.3667621891859917,0.08492674100405376
227,0.05002656268296571,0.18037743195000092,0.045010989483119115,0.07609146196729438,0.0523078312155928,0.12570553341248614,0.017692135322050807,0.00015551115719977866,0.3138053889949389,0.13882715381435137
228,0.04518464959220462,0.1807383942725476,0.08425535744981973,0.05405119183742869,0.07181189940959377,0.10476041424506491,0.009559445392900925,0.008109092952334399,0.36238041368747087,0.07914914116063454
229,0.08840437139590976,0.13527026967798533,0.02501510588438744,0.06813257635900057,0.04694737614210095,0.09019653734168143,0.0,0.0017756770228951548,0.3928085256016373,0.15144956057440195
230,0.04349656911921716,0.20917802431054794,0.00930931723802374,0.07840377984212024,0.06343142752143793,0.1173593280818264,0.0,0.0081021145869449,0.35433677944519765,0.11638265985468405
231,0.03909966439470473,0.1669460636874633,0.016810727136364802,0.05956322096436296,0.0592169032243666,0.11351720016638554,0.0028296253811293335,0.01813840203353324,0.38608495244658475,0.1377932405651047
232,0.028732414840157337,0.14366930266877873,0.01600363509150838,0.06484456395535292,0.06494321573689879,0.11018072961469819,0.0,0.0,0.4098590412303766,0.16176709686222893
233,0.02647019477809137,0.15384659842792509,0.006266775475103522,0.06939369623345285,0.06519274734480193,0.11757564479889762,0.0,0.00013705905264038172,0.46435769423298395,0.09675958965610323
234,0.032249498973587684,0.14427440010021125,0.02186476872398163,0.05089495574002507,0.06668877974289636,0.10205126629780407,0.0,0.0038554514386356206,0.46301517309788087,0.11510570588497746
235,0.047973497106375586,0.14535961068272,0.010706788761459961,0.06937018560482876,0.04580672138913573,0.12984269285272065,0.0,0.00391287186091244,0.4326191689838339,0.11440846275801288
236,0.04126474854545287,0.10610007809446179,0.030712962675033872,0.06562936951229348,0.06479363324085939,0.17191706419919542,0.0,0.0023136353219342883,0.4302372659034575,0.0870312425073114
237,0.058457909867788364,0.11261511092614018,0.01788018319815531,0.05342501614439219,0.09112578440139477,0.18943412782380997,0.00013155484475352102,0.0,0.37937662437448477,0.09755368841908105
238,0.03942072332182147,0.2320684972255754,0.03539317602465685,0.11234300718063672,0.06269212201665035,0.16271104604416428,0.006407606019432608,0.004492206405042686,0.27131904914193333,0.07315256662008637
239,0.032716164486844626,0.14354513254986634,0.015228916495604601,0.10118869013035531,0.18351527043383442,0.07878069163563987,0.00010642412534164559,0.010685923103859673,0.34851927977712516,0.08571350726152845
240,0.018244127581313052,0.12185645514093826,0.09280940328457275,0.12493287010971207,0.0915747097511544,0.09860495666317973,0.002430886608625719,0.017632552735332103,0.3607186549343833,0.07119538319078873
241,0.04644790738732255,0.13879071621904077,0.018805268604741868,0.13160063556467164,0.052180194046992305,0.0816588036884727,0.006498608834628226,0.02304739282364595,0.3996354037283382,0.10133506910214575
242,0.05632590262286993,0.17686682476183846,0.0353790334110477,0.1703008884169031,0.049657288519378305,0.053702388364166985,0.0,0.007757380360470142,0.3429680468807641,0.10704224666256125
243,0.06226126609586357,0.17385463536976037,0.033051466781064874,0.20434542260444774,0.06405912450626385,0.07427575126499333,0.0,0.00758566707068955,0.30899702489375336,0.07156964141316328
244,0.07577943166192229,0.1322000632190009,0.02350701223464833,0.11536108998650356,0.023477081758908794,0.04629368995984757,0.0,0.02030766675522785,0.42859223158350723,0.13448173284043344
245,0.04047285361811435,0.131455181957356,0.033964540235976774,0.16416312112252537,0.03087938485982256,0.04591071453062021,0.0,0.012904533944450335,0.39857860915860693,0.14167106057252743
246,0.056620746594743414,0.13616501404324197,0.01002819247827794,0.17586822947582054,0.04321253243427857,0.05657834398436167,0.0002541649103182577,0.015500749809499446,0.3930720172740542,0.11270000899540396
247,0.05120212849460507,0.12232104205933045,0.023353621601817157,0.10159601897319782,0.050418864028601906,0.06898308572373879,0.0,0.01258637769072738,0.4568258978951644,0.11271296353281694
248,0.06901632983224157,0.11958140408464141,0.04057439092554997,0.09596586810557627,0.05925413741717481,0.10808710840932187,0.0,0.019309373767089643,0.33064827725429746,0.15756311020410693
249,0.08180086189294722,0.10188707177950398,0.03510393904851899,0.1044294592896524,0.0646171163680106,0.16551408216560023,0.0052264820208879625,0.0031763352922611937,0.3282818725980528,0.10996277954456456
250,0.07983799789708572,0.1299414284316173,0.046242414680332265,0.13149188347213425,0.05441892365466276,0.1080633864834467,0.025953103368224043,0.0,0.2893806457752238,0.13467021623727327
251,0.05342591247244115,0.11948048568481157,0.047392960567868174,0.1403723729693013,0.06301601051022362,0.05619376190367185,0.0001223303249769506,0.004509339211032044,0.39021807994362095,0.12526874641205243
252,0.035803859188134675,0.1308139522991936,0.0526093861914627,0.0840223989185428,0.06352420496772174,0.09008407736250022,0.0,0.021337796337102873,0.4093630749429882,0.11244124979235325
253,0.07669148834530674,0.11956585072283549,0.04552486269981241,0.12804039810804546,0.049798426088385965,0.043880737481259924,0.0,0.011420419386066,0.4352091553854622,0.08986866178282586
254,0.052838625659897734,0.16549104179408525,0.01903394233089164,0.15324475616139271,0.07100591991845547,0.06258575507740474,0.0,0.006689613924572573,0.3807101192456206,0.0884002258876792
255,0.0743294361446549,0.1264001333541005,0.02921862764485021,0.13992687780793472,0.0582850388892738,0.04398186889488906,0.0,0.045587377504456406,0.316016864285107,0.16625377547473355
256,0.04646973532375747,0.11680535335499605,0.015547110609712393,0.16542914265535896,0.02350555233008544,0.07512826845351593,0.0,0.017130503715264218,0.409594288902538,0.13039004465477164
257,0.05379172324612888,0.17579019553406786,0.026339037653479707,0.1388976832237291,0.014182967063958139,0.04409679620680882,0.0,0.0,0.3844892375912634,0.1624123594805641
258,0.03495231251158176,0.1435183356024082,0.009757109614503115,0.12191765809902169,0.0345784603000045,0.07605651478993494,0.0,0.010616157064945177,0.38163598416624245,0.1869674678513582
259,0.0786178934830915,0.14211199882716458,0.031916821443509,0.10531666241796284,0.042792340199324506,0.07601159841873026,0.0,0.012445228881814,0.38969918769222617,0.12108826863617717
260,0.09009964773892329,0.17554150821129788,0.019466605607657762,0.1174846020312548,0.03789865651320532,0.048098250991668,0.0,0.0038147652754121374,0.3922477530794983,0.11534821055108259
261,0.07666043813239788,0.13225681590704857,0.002857419766585791,0.09730887977771874,0.04564618343011293,0.07393586204742118,0.002496248068640947,0.004396393432714409,0.49221969682908506,0.07222206260827438
262,0.0840057862300681,0.13423272017700782,0.0024736515269763236,0.11724875296719206,0.07512409989794462,0.06025941172237373,0.0,0.002951894778417137,0.43125054868137236,0.09245313401864785
263,0.06644499022764619,0.14673102302283797,0.012412944665842517,0.11368797467166093,0.02901626621973065,0.05617776733308184,0.0,0.0,0.4719057036453945,0.10362333021380536
264,0.045432887954365495,0.1701428546009607,0.02391349348898219,0.1575108358762585,0.020405485841795006,0.05611722587969935,0.0,0.028387854599044908,0.4301557408310215,0.06793362092787233
265,0.06663034520177792,0.1558480182442803,0.05107639812363491,0.17713814615390347,0.02736243379684425,0.030304235857142175,0.0029464192579274143,0.00899429996006086,0.3884337548474101,0.09126594855701854
266,0.04043779410394213,0.17645485225602844,0.0170097273683788,0.15575708045204836,0.06742887612957972,0.033399547641337804,0.0,0.005291447013262611,0.384733314813231,0.11948736022219114
267,0.04201194296503098,0.19743583457519934,0.015689794926454434,0.1623802966676591,0.04796687685345185,0.04630154790227236,0.0,0.012013315866563437,0.35988830076237976,0.11631208948098878
268,0.06368801079463872,0.1390680800216094,0.012000256364292602,0.12069938976957206,0.03276518924566246,0.09330112124919578,0.0,0.0186022388129185,0.39109817542582254,0.12877753831628794
269,0.06439894571793435,0.15709142054012748,0.010969275322645739,0.12206160122052287,0.02096717150647878,0.05131002738875334,0.0,0.04805845629754203,0.3681214308563706,0.15702167114962476
270,0.0523003904893651,0.15593016356089928,0.010105646489847804,0.170124337012526,0.04267985234216982,0.07237923591621737,0.0,0.008282527391722493,0.3848995489150024,0.10329829788224988
271,0.05663580658946664,0.1584218365128096,0.009327125492146588,0.11428390314440778,0.08033651363633136,0.04889458319992879,0.0,0.005420742095453008,0.3239192592376609,0.20276023009179525
272,0.05749700853442316,0.14976588471704513,0.014541449472281214,0.10776777277856417,0.056769217999703504,0.06776733753996189,0.0,0.019731217372653886,0.3822572493358312,0.14390286224953583
273,0.07367365836610643,0.13773153506448613,0.011270334132458447,0.09021033785853723,0.04728207799504932,0.14641026355447415,0.0,0.0033392517128853767,0.368882376999326,0.12120016431667684
274,0.049994615164258925,0.14214408254470376,0.027851212128700113,0.15561559334819713,0.09731369910946289,0.029806976691257085,0.0,0.005699808998543676,0.38727677721769294,0.10429723479718353
275,0.06266330354515708,0.15784933954062408,0.013116865677605184,0.09258833203301077,0.04212733902059895,0.0754890947629253,0.00010367887949610311,0.010387725006028501,0.4365335734420462,0.10914074809250786
276,0.06275904353416957,0.1803189780785268,0.028483876607556195,0.09960756941230409,0.05642752928336093,0.0828555414436452,0.0,0.015272141443898345,0.39765736365480875,0.07661795654173019
277,0.05072912013926578,0.19107370068875823,0.055122496872195406,0.1200695186047826,0.03156288311045472,0.07333757544007587,0.0,0.0,0.39925043883153327,0.07885426631293431
278,0.10998918315358602,0.0961044249441989,0.0365296874678789,0.1619401399806753,0.031846962407489014,0.05222564859780629,0.0,0.011101119400638312,0.3770378666331338,0.12322496741459343
279,0.04157860640057142,0.14014647532328703,0.015900706354590673,0.18190593849083436,0.026127269443465016,0.06463127700753488,0.0,0.013629442710788017,0.35473514152950864,0.16134514273941997
280,0.046867351206980885,0.16109840168167838,0.010969004204284604,0.10823899556541025,0.025621494855917543,0.05305484411726871,0.0,0.008813930180917336,0.44873803477126123,0.13659794341628118
281,0.05460187261685023,0.16137662681097775,0.002500546523539954,0.11228132532293154,0.04852584003682042,0.053441029437370675,0.0,0.02087322301688926,0.400190857640068,0.1462086785945521
282,0.04535706693299617,0.15999856904139015,0.03184692919365973,0.1613068858558654,0.041363877284130074,0.07119152477833725,0.0,0.0050998931044549615,0.34323221306798024,0.1406030407411861
283,0.04718171297217332,0.11691780469606411,0.011995640406682414,0.07584444693499498,0.012409762885043486,0.08612417674473635,0.0,0.018775000232040755,0.4204107968980056,0.21034065823025894
284,0.06507984930680756,0.16940391965300686,0.018885207708866415,0.10016253217048991,0.036453874261757634,0.0797461596913269,0.0,0.011978040878880469,0.392821687532622,0.12546872879624224
285,0.049625547790063555,0.17913195260621134,0.016672249359060396,0.08933795838108001,0.03006913668068931,0.12336332274190488,0.0,0.007269777737577263,0.3821267909177349,0.12240326378567845
286,0.04370833243187467,0.19077716840782716,0.02558633486810467,0.1688105434418153,0.055016145979108214,0.13569267061142884,0.006553471231392702,0.006796369297051778,0.2648687435606098,0.10219022017078677
287,0.038901757686316096,0.20017335981791207,0.02291850961074575,0.10260755505480756,0.030618837354192876,0.10380032488158329,0.00010610763667631779,0.00817292798333897,0.3763384180914057,0.1163622018830214
288,0.02371033718696071,0.1557603912948858,0.017845212753003475,0.1446066097795329,0.042025864201222535,0.06894338870704064,0.0,0.04947797019035898,0.36560356698574314,0.1320266589012518
289,0.041259380669313145,0.1550202458056229,0.03897318435357223,0.10942617133970722,0.04123979827000185,0.06599210641246861,0.0,0.01887688199300782,0.4183939434013983,0.11081828775490789
290,0.02995071292541242,0.21981647880658228,0.00964365515499379,0.1498766805396475,0.04723653862653086,0.05728881736750067,0.0,0.002123440134961875,0.3633854523555019,0.12067822408886869
291,0.05130887889445712,0.1302082133780862,0.03196764264834993,0.12781733202833453,0.04377213197840239,0.11846777642408704,0.0,0.007253053343292877,0.37006365875573866,0.11914131254925117
292,0.07017952981924577,0.1941967396254304,0.01358602755526386,0.13044694988455807,0.039574495428919644,0.039147796633651956,0.0,0.020470487696980778,0.361489848406773,0.13090812494917656
293,0.0662287427670812,0.17986700613071038,0.006449545049262121,0.12452139358074919,0.03761232132193044,0.08859439451133257,0.0,0.0069454765498916955,0.3750214089633096,0.11475971112573281
294,0.03878627626522868,0.15170327503394088,0.017554950980265025,0.10690261515205973,0.025345612369639843,0.07356718365564589,0.0,0.05543001617927337,0.3499846006279811,0.18072546973596548
295,0.07433039389407699,0.1742002079779253,0.01140266230031786,0.13841800420136632,0.03675481424842984,0.05724546927662307,0.0,0.025008416267054984,0.2984849195286306,0.18415511230557502
296,0.039563619242202856,0.1085265255523043,0.004528627564133571,0.12458846042922851,0.04115527344210999,0.0624246264247243,0.0,0.017626720813185958,0.41805048353151497,0.18353566300059557
297,0.07517928440318457,0.13610511599980957,0.00756436088376174,0.05559885770952647,0.05087163812865117,0.13449206560765406,0.0,0.0,0.36916736662492805,0.17102131064248446
298,0.02943133510682798,0.1335066969401842,0.003274120570061627,0.14316456014719867,0.052732139538113405,0.09369406379723205,0.01312651193197473,0.0,0.3874966518045328,0.1435739201638746
299,0.050107783752620184,0.23824777535063918,0.013104627246520879,0.0490007817502064,0.037436003513286506,0.08830264709524008,0.00010780685419416587,0.0014665594295128566,0.3853832290793368,0.1368427859284429
300,0.0655099228246363,0.16369417265214675,0.020384113481840105,0.07221379737321934,0.05041459410298073,0.08633607097999359,0.028855202848831137,0.0,0.40750491901163516,0.10508720672471686
301,0.048083323141131375,0.1748978691671781,0.02468458130025363,0.10925172547774964,0.05053077827805954,0.05638243563218083,0.0,0.0016118739984870229,0.4199188842498619,0.11463852875509795
302,0.04922307001832154,0.2347176888616034,0.012537687758624525,0.07272634555061416,0.046637867138365055,0.0608162415550139,0.0,0.0,0.43066161904255357,0.09267948007490397
303,0.04294625290292566,0.19149785556640678,0.005134587743935981,0.14099748490456115,0.061146197091462684,0.12006395096920013,0.0,0.00842225599932244,0.3468364664926311,0.08295494832955398
304,0.033674367458601535,0.1361923085619155,0.026356903262155718,0.048419383852960504,0.04497657618555439,0.10754617019550775,0.0003089377518861374,0.006523676780660049,0.40634881247919247,0.1896528634715659
305,0.07746483845549994,0.16553173804689675,0.007387026433831068,0.08417474931523779,0.029313555658683245,0.13641606674657866,0.0,0.003562861908781373,0.3783166544841822,0.11783250895030892
306,0.038966188204433524,0.1609084332010261,0.010486363617437643,0.066721483446447,0.06447575885114747,0.12230119503414309,0.0,0.002338797912894502,0.4128155241832501,0.12098625554922063
307,0.04484575573568617,0.16517240084264767,0.023152214829786553,0.07677232477057411,0.06397563008087134,0.13051885634367072,0.0,0.005645110273258122,0.39224547304039875,0.09767223408310667
308,0.03846403057245366,0.17340013425982884,0.010455921427256942,0.06522113838168611,0.03831466214078863,0.08825613831292298,0.0,0.0031965180173655064,0.4185843668422421,0.16410709004545523
309,0.027128146510965085,0.22356966646923618,0.009250774632608762,0.08946478387510833,0.05662224036307292,0.14322520744350337,0.0,0.00323207662971831,0.34059865694966507,0.10690844712612206
310,0.045069284367959275,0.24435719327589187,0.012517446310175116,0.07986582528835157,0.05213689534004102,0.142001399901669,0.01723054044365059,0.0017171214551788966,0.30046526292245507,0.10463903069462757
311,0.02653785894882174,0.1735303856138048,0.032589791124699286,0.09224111647774429,0.041167265578655805,0.15409815406750096,0.004750057711185472,0.0,0.369353433158672,0.10573193731891564
312,0.031989945632293314,0.19184091604922474,0.03756277649365748,0.06702382714547946,0.05747893626830201,0.11887730944922645,0.011316300367098797,0.0017538933171766088,0.373533099773496,0.10862299550404524
313,0.04802296010331264,0.1319293496361382,0.03017464157946833,0.06420870327710984,0.0501498945612596,0.1837686120927351,0.0,0.009269792930588217,0.33758496559149276,0.14489108022789532
314,0.03273201492836099,0.1538169291037573,0.007525821609344815,0.04825552286527476,0.02599707626994787,0.2655242844109582,0.0,0.0,0.38063275808337055,0.08551559272898551
315,0.03865269161070982,0.18620138576352427,0.006948400798632205,0.047773456428693795,0.06055888793628526,0.17911011413976338,0.0020361834867064083,0.0,0.39288298405592226,0.08583589577976246
316,0.023558092169998896,0.18950816080229868,0.02379455802240404,0.07685590458864125,0.06853379235289496,0.1081296561512528,0.0,0.00526789524232127,0.3677795980442844,0.13657234262590362
317,0.04869248619893293,0.1597070271212804,0.034913483260373156,0.07685757294007324,0.03989642789541771,0.11086953375399491,0.0,0.0,0.4111768482271666,0.11788662060276106
318,0.03073774971763483,0.17034152907236363,0.02931147086267093,0.049136210722879624,0.032039608365776615,0.07630589402913866,0.0,0.004363235225293488,0.4804683715543473,0.1272959304498949
319,0.027619128264389996,0.21330649290404607,0.01521707178866332,0.04951937188823479,0.06991349705756718,0.08413651384846652,0.0,0.0,0.3787975825579421,0.16149034169068993
320,0.024531912791787264,0.1542913061740542,0.005874006322469839,0.08564932242653273,0.05408131102216935,0.2137581916071322,0.0,0.0,0.3637315033168996,0.09808244633895491
321,0.04326957001221021,0.15749322732093352,0.01088211035799714,0.046410310581036056,0.09147715998089799,0.17195220529393263,0.0,0.003278380281722727,0.3569716830069376,0.11826535316433222
322,0.05464438513142931,0.16052562370916518,0.011951025605757481,0.12825143407646672,0.03809359943870991,0.1893213206821633,0.011817257720965275,0.0,0.27422661595310055,0.13116873768224224
323,0.04491322934207887,0.15655935822741426,0.013826158216992537,0.09546740416573786,0.05916219459936055,0.1396170539394802,0.00020369288236822487,0.054957965641861534,0.3315994119081635,0.10369353107654243
324,0.03722392861246863,0.14476956548509842,0.02349188126027026,0.10171119815826846,0.0789143531329899,0.0867568468766714,0.0,0.007758450250225103,0.3994348693405057,0.11993890688350203
325,0.06133736380092161,0.14765158978660026,0.031913645988187786,0.11219037754571098,0.06886528560648014,0.09807933636084232,0.0,0.006483964680129709,0.3531178375311486,0.12036059869997859
326,0.027768346860174365,0.16132145626517153,0.02018810435736733,0.1604856134514479,0.041157454490450524,0.08892634065754212,0.0,0.00397537824467581,0.39108939598446396,0.10508790968870649
327,0.033306865370974326,0.15803819853914583,0.01826921257815118,0.18613485360907564,0.03577509531170677,0.049924110859671175,0.0,0.006044389236446034,0.40234053786836316,0.11016673662646595
328,0.06751825670222349,0.1419166325108799,0.007390224591159695,0.13263054982334438,0.03587394734811147,0.08741452617866835,0.0,0.0246276177988414,0.3812373063733619,0.12139093867340954
329,0.028087481748691547,0.16660769733419067,0.1464274705742637,0.10161462894883543,0.03533616204659017,0.08969049158929099,0.0,0.012549228186921316,0.29641093264701973,0.12327590692419639
330,0.06984583355841024,0.18418872018921714,0.0056422010996029694,0.11941114076490214,0.02034692272311513,0.07628760215938113,0.0,0.010978934315707548,0.36782467867715823,0.14547396651250546
331,0.07204068254855575,0.1280742739797085,0.017788990516674954,0.15373027397456565,0.023645823879626177,0.07274877629532858,0.0,0.004910444782307219,0.3531010340734274,0.17395969994980573
332,0.04832734101417286,0.141381651916946,0.019828520928903963,0.12265618232168751,0.026899589603453317,0.0713251927667381,0.0,0.0051482067478859795,0.35302029899992743,0.2114130157002849
333,0.058391781858844166,0.16392970515916516,0.023921986524174214,0.07924827646080572,0.06625749771475649,0.05537741751966241,0.0,0.01641077700549912,0.3972911333061811,0.1391714244509116
334,0.06371551634156818,0.12102803050065047,0.015403814860315765,0.10099765653466687,0.06466959799444774,0.080898141313092,0.0,0.006048929217100854,0.39642798176356636,0.15081033147459183
335,0.03884266844131804,0.3004653484157297,0.013682191983571785,0.07662589119516111,0.03520623976937318,0.12051216327420673,0.0,0.005824241948605357,0.295140067072724,0.11370118789931015
336,0.06410756488737474,0.23736821830268254,0.05385231131671882,0.11525721560365358,0.03823314440663458,0.048621811590028666,0.0,0.007655929533712077,0.3285666320092137,0.10633717234998132
337,0.0658380756861789,0.3007460442525541,0.0338960645860165,0.11417945943113411,0.04315746379891651,0.052077797263695214,0.0,0.03629654503210492,0.27070171615930877,0.08310683379009104
338,0.06089938570720346,0.24369115723644325,0.021018783574170183,0.10083976397889728,0.04717023203526164,0.04409191990004464,0.0,0.014931826650399483,0.3598798205853597,0.10747711033222031
339,0.07449755797287869,0.1806782524707387,0.02822190642572778,0.16192041085506068,0.024977004839395626,0.05545834365686654,0.0,0.008283015064667576,0.3564601029149995,0.10950340579966497
340,0.08186330320955217,0.19298478319527576,0.031736295116055614,0.17127161117407527,0.05416783390902053,0.0506758441003054,0.0,0.016584272814100215,0.29221991526009145,0.1084961412215235
341,0.07814828456711934,0.1776770454878215,0.02440168285542082,0.14872792924645048,0.032366982166179135,0.08005525746308964,0.0,0.01232411550871676,0.3306081419720214,0.11569056073318092
342,0.10772204341787778,0.1838659025296979,0.11915853484999972,0.12160274968212999,0.05244074152508933,0.05768168194783294,0.0,0.011907083782501243,0.263094589956324,0.08252667230854711
343,0.07674715770826633,0.1547877056860203,0.01866018536934581,0.17018514841484747,0.029920009377643587,0.0427770120713166,0.0,0.031065362177458245,0.3415432598223531,0.13431415937274838
344,0.06496315890812261,0.14330784914264186,0.03563820103086254,0.1646539135503724,0.04331749892387165,0.06193338229883173,0.00019930520151412203,0.005588722534287958,0.35495990597975496,0.12543806242974004
345,0.05654727516873834,0.2040508254102531,0.036806126914260155,0.20959948791389604,0.06590582541140037,0.03392298504729203,0.0,0.0016412209846785172,0.30833793562413453,0.08318831752534687
346,0.044371145045490314,0.1760098524752688,0.006306508883719333,0.12173998991824643,0.06576034128461351,0.07267669052342803,0.0,0.002029262933566284,0.3971875583342095,0.11391865060145788
347,0.07868679588829754,0.2232019760111554,0.02048920213722241,0.08671368507930347,0.05190687454799708,0.10862128989346627,0.0,0.0,0.33457521482880215,0.09580496161375568
348,0.07373471345229195,0.28883096258357227,0.008003325817867037,0.11192187699735863,0.04512844038908971,0.0816085599112273,0.00010272942488655371,0.004281895049205724,0.31171097364576483,0.07467652272873597
349,0.02871734254168021,0.28372100662850797,0.00939751159373597,0.13733224401562671,0.04510155447315612,0.04449325906095016,0.0025872891779616263,0.004319706325387218,0.33375137858020004,0.11057870760279392
350,0.06515633683891506,0.2269843691825577,0.00550101104381995,0.1439030657447694,0.01801575866089842,0.035057316020564805,0.0,0.027586918160674632,0.3769112996213151,0.10088392472648501
351,0.060440123230632636,0.19451731212311762,0.02169479205923519,0.1779093606010235,0.023579150686427724,0.03896883578952914,0.0,0.0059258029668515415,0.36275271311988955,0.11421190942329314
352,0.06259425655392477,0.22078185757293892,0.013776941250885669,0.17393313338406372,0.02394110003361095,0.03709757240463475,0.004805988645392072,0.015121403239752449,0.3767969383713776,0.0711508085434191
353,0.06134376472029381,0.14306067505024506,0.0037224726521697545,0.14934375000467964,0.03079430409040456,0.1087164519338507,0.0,0.05334196315773783,0.35144084516816027,0.09823577322245837
354,0.04402434739441441,0.2674189643390027,0.008548450268349626,0.14432841756639822,0.030143634255259056,0.024809937142281305,0.0,0.008500662874269716,0.3480831570391208,0.12414242912090427
355,0.10155102890301951,0.16982171269638455,0.012377968766102313,0.1343944734991184,0.036638232741926575,0.07113116978617381,0.0,0.019255748736574787,0.31793596409474667,0.1368937007759533
356,0.08276234719407381,0.13222320202295293,0.010143328421596027,0.11670657270219026,0.05152305184351621,0.06515215583668904,0.0,0.003941456035839951,0.3846367855551237,0.152911100388018
357,0.07286018891459871,0.25283822119041055,0.020354375738973748,0.15150692376700883,0.040821631624014865,0.06389046984193436,0.0,0.01384749929886791,0.31241845061792184,0.07146223900626907
358,0.05064399090540644,0.21287072743647478,0.01336589592837827,0.0853114279928325,0.044562274812680366,0.06504737646761288,0.0,0.0,0.41470826554184353,0.11349004091477129
359,0.0712951820684011,0.18705801612106682,0.0052348632198716384,0.17156030824384055,0.05025692159626706,0.04737584817788719,0.005531560788933046,0.0,0.35482498679392266,0.10686231298980987
360,0.05618747024854096,0.13882062108105475,0.014586912721307892,0.15298414830941875,0.06631654969664526,0.062428470720884,9.792243519784007e-05,0.0030318222869778377,0.3769899825782059,0.12855609992176673
361,0.0910241742552112,0.22388463704937794,0.016517644459331248,0.13657494643868476,0.0371554085044677,0.041537625387902774,0.0,0.007999906039747788,0.3404126988295322,0.10489295903574435
362,0.06331531557915845,0.17233128224572863,0.01529888898584741,0.14710569088917472,0.02475352116442371,0.04293739775614779,0.0,0.011966612027572057,0.4307641266848917,0.09152716466705552
363,0.10030269923384669,0.15386358395969052,0.021138252228319953,0.19040152485979603,0.03898449294136213,0.044778246575299656,0.0,0.01269827062754164,0.3175090118682068,0.12032391770593663
364,0.0824002109256029,0.12127551502065662,0.008547157693935556,0.204357382435838,0.03879889504556227,0.03442183619692046,0.0,0.007291666454720504,0.37345881836048633,0.12944851786627723
365,0.06834821292870939,0.14045417788842277,0.020928217956385158,0.16029120260823823,0.04510330917968895,0.03743974374023916,0.0,0.009386373021161059,0.3706775847024345,0.1473711779747208
366,0.052383267896662054,0.11304977238647962,0.014771346332242552,0.13310354303886468,0.04669851295214798,0.060442340622539656,0.0,0.029236973166563953,0.4374231584626218,0.11289108514187766
367,0.09579245236221401,0.12647526529447142,0.01629178637476043,0.15902585121773782,0.04476440547888271,0.046777661804766384,0.0,0.00840608010534965,0.3367251111213149,0.16574138624050255
368,0.05978696624219164,0.19691084859402955,0.02235007742729637,0.11781140617411971,0.06823439700736375,0.04486481694354839,0.0,0.03959643176420505,0.3743591675550017,0.07608588829224389
369,0.10334969589002835,0.13685675911696973,0.004404468772693949,0.09380094170183732,0.06563033254441503,0.059805571030724196,0.0,0.0,0.4632557634977183,0.07289646744561311
370,0.08579845401145875,0.12849978817779922,0.01796612447593312,0.116057387785048,0.04316561431902421,0.07451125514653366,0.0,0.007413153949368021,0.44286614276785213,0.08372207936698303
