ID,внешняя политика,выборы,конфликты,россия и украина,украина,внутренняя политика,сша и россия,депутаты,"миграция, беженцы, визовый режим",государственные организации,"ДНР, ЛНР",санкции,"строительство, обманутые дольщики"
0,0.1556730235883882,0.19828271297165975,0.1423469281839347,0.2244365677501302,0.2792607675058872,0.0,0.0,0.0,0.0,0.0,0.0,0.0,0.0
1,0.0,0.059232623569743424,0.0,0.13409103127138236,0.13347687387624627,0.4650391084518154,0.20816036283081263,0.0,0.0,0.0,0.0,0.0,0.0
2,0.0,0.1634744674049645,0.11735812932379745,0.0,0.09209477629378915,0.0,0.2872479927258662,0.205177137661333,0.13464749659024977,0.0,0.0,0.0,0.0
3,0.0936030796836007,0.0,0.0855903646912302,0.0,0.0335827843139636,0.0,0.0,0.14963757636493988,0.0,0.6375861949462657,0.0,0.0,0.0
4,0.0,0.0,0.0,0.2546839587720244,0.12675873367890067,0.0,0.39536652647466647,0.0,0.0,0.0,0.22319078107440848,0.0,0.0
5,0.07380415913959285,0.0,0.0,0.15960715396752442,0.052958709611616236,0.3690207956979642,0.0,0.0,0.0,0.2513619912725264,0.09324719031077591,0.0,0.0
6,0.1665118949774495,0.0,0.0,0.3600947422058341,0.2987045444251957,0.0,0.0,0.0,0.1746888183915207,0.0,0.0,0.0,0.0
7,0.0,0.3091524774139011,0.0,0.1749651290885422,0.2612456431276248,0.0,0.0,0.0,0.254636750369932,0.0,0.0,0.0,0.0
8,0.0,0.0,0.0,0.0,0.4244288224956063,0.0,0.0,0.0,0.0,0.0,0.0,0.5755711775043937,0.0
9,0.0,0.34871779756727117,0.06258602495249177,0.1973571584391458,0.04911330813065766,0.3422257109104337,0.0,0.0,0.0,0.0,0.0,0.0,0.0
10,0.0,0.3030715724045365,0.0,0.0,0.03414760617321343,0.0,0.0,0.0,0.19970251824513213,0.32415481222398257,0.0,0.1389234909531354,0.0
11,0.0,0.426658928148006,0.0,0.0,0.06009051316282985,0.0,0.0,0.0,0.0,0.28521221827285187,0.1058045325850902,0.12223380783122222,0.0
12,0.11233199746868747,0.0,0.0,0.08097551964767348,0.04030231970250619,0.2808299936717187,0.1257048543101979,0.0,0.0,0.0,0.0,0.0819814267240421,0.27787388847517425
13,0.11210995736979926,0.0,0.1025129960385324,0.08081546006718658,0.08044531292184068,0.0,0.0,0.1792234012374342,0.11761535706206619,0.0,0.0,0.3272775153031407,0.0
14,0.17254903178566958,0.0,0.0788891487736038,0.06219175225403735,0.06190690453378985,0.43137257946417396,0.19309058318872552,0.0,0.0,0.0,0.0,0.0,0.0
15,0.1775052151245189,0.33913598011595075,0.0,0.0,0.0,0.0,0.0,0.0,0.0,0.0,0.22426734168958032,0.25909146306994996,0.0
16,0.0,0.24327416717086697,0.0,0.0,0.27410127537725165,0.0,0.0,0.0,0.0,0.0,0.4826245574518813,0.0,0.0
17,0.09378955066523564,0.05973047264588178,0.08576087317638278,0.13521806384251764,0.033649686116534926,0.0,0.20990994672695598,0.14993567623353998,0.0,0.0,0.0,0.0,0.23200573059295132
18,0.0,0.04827096041119724,0.20792199679064335,0.16391396679507775,0.0815816079010616,0.0,0.3392758931758435,0.0,0.15903557492617665,0.0,0.0,0.0,0.0
19,0.10909875043421773,0.06948023401637173,0.0,0.0,0.0782845995482173,0.0,0.0,0.0,0.0,0.7431364160011933,0.0,0.0,0.0
20,0.0,0.052299300752920254,0.0,0.11839534955722437,0.0589265403903132,0.0,0.18379468550311975,0.0,0.0,0.27968756489605184,0.10375506439692245,0.0,0.20314149450344815
21,0.0,0.0628024740720192,0.18034329130408625,0.0,0.10614097526370267,0.4930662326079805,0.0,0.15764702675221146,0.0,0.0,0.0,0.0,0.0
22,0.07174291075230776,0.04568992961190332,0.0,0.05171651541960835,0.07721946882500301,0.0,0.4817024007654949,0.0,0.0,0.0,0.27192877462568266,0.0,0.0
23,0.0568785920684606,0.18111746796867537,0.0,0.0,0.061220469325594995,0.0,0.25459941211596654,0.09092836146998805,0.05967173721467965,0.0,0.07186273729079701,0.08302154742911952,0.14069967511671833
24,0.12422060336512655,0.31644272943961776,0.11358693303815073,0.0895455269656587,0.04456769739054158,0.0,0.0,0.0,0.1303207222803783,0.0,0.0,0.18131578752052635,0.0
25,0.10516716421362325,0.0669763782932289,0.09616452758833255,0.0,0.037731730672063306,0.5258358210681163,0.0,0.16812437816463582,0.0,0.0,0.0,0.0,0.0
26,0.30155026620732855,0.0,0.0,0.0,0.2163795803319762,0.0,0.0,0.4820701534606953,0.0,0.0,0.0,0.0,0.0
27,0.07817149259366006,0.0,0.0,0.0,0.05609252140308432,0.3908574629683003,0.34991049065733554,0.12496803237761984,0.0,0.0,0.0,0.0,0.0
28,0.0,0.11925513681135891,0.0,0.04499503628158633,0.08957790429189096,0.0,0.27939774910089804,0.09978491039317787,0.0,0.21258524388111807,0.0,0.0,0.15440401923996994
29,0.0,0.056943212498378734,0.4087946578191003,0.0,0.0,0.0,0.20011471820858814,0.0,0.0,0.0,0.11296798608549331,0.0,0.22117942538843952
30,0.0,0.0,0.16799306054228402,0.06621812355731134,0.03295741722089083,0.0,0.0,0.0,0.1927420382114598,0.3128566417345435,0.0,0.0,0.22723271873351045
31,0.0,0.08264901240757384,0.0,0.1871011385177592,0.1396831400537164,0.0,0.29045224360375954,0.0,0.13614948918926228,0.0,0.16396497622792877,0.0,0.0
32,0.26138542579177787,0.0,0.0,0.09421100469488926,0.04688975195501358,0.0,0.0,0.0,0.27422131723690985,0.0,0.0,0.0,0.32329250032140944
33,0.0,0.1444453656110098,0.0,0.0,0.04068728237439894,0.0,0.25381114243077435,0.0,0.0,0.0,0.0,0.0,0.561056209583817
34,0.09060860727013505,0.0,0.0,0.06531602057816484,0.0,0.0,0.40558138492346163,0.0,0.09505813709143633,0.0,0.34343585013680217,0.0,0.0
35,0.09286819682703622,0.05914370258632388,0.0,0.06694486581090034,0.0,0.0,0.0,0.14846276363505792,0.0,0.6325804711406816,0.0,0.0,0.0
36,0.059044061896255814,0.15041034737799583,0.0,0.042562437256503424,0.0,0.0,0.2642924675356213,0.0,0.06194354707866124,0.20109209486405968,0.07459868035279632,0.0,0.14605636363810648
37,0.2677325524899102,0.1705071811250105,0.0,0.0,0.0,0.0,0.0,0.0,0.5617602663850794,0.0,0.0,0.0,0.0
38,0.189270351851549,0.12053802895694855,0.0,0.0,0.033953078385583216,0.0,0.0,0.30257505227968723,0.0,0.0,0.1195659480782635,0.0,0.23409754044796852
39,0.0,0.04748003933623637,0.0,0.10748548782252282,0.02674829696957438,0.0,0.16685842395305925,0.0,0.0,0.0,0.2825828147592132,0.0,0.3688449371593941
40,0.0,0.2633892900059381,0.18908686383694773,0.0,0.0,0.0,0.0,0.33058043541561616,0.2169434107414981,0.0,0.0,0.0,0.0
41,0.0,0.12805467608776688,0.0,0.2898906470943925,0.2885629036725861,0.0,0.0,0.0,0.0,0.0,0.0,0.29349177314525454,0.0
42,0.0,0.07861099019395411,0.0,0.08897992448334069,0.04428619142224285,0.0,0.0,0.19732962844604807,0.12949756866771905,0.0,0.15595406119123154,0.0,0.30534163559546385
43,0.0,0.2792669243236504,0.0,0.0,0.0,0.0,0.4907118813115572,0.0,0.23002119436479246,0.0,0.0,0.0,0.0
44,0.0,0.0,0.06781472393575524,0.21384520308575578,0.053216439851875096,0.3708166819465765,0.0,0.0,0.07780528594414776,0.0,0.0,0.2165016652358894,0.0
45,0.0,0.2245977942771897,0.0,0.25422265671252453,0.12652913906608093,0.0,0.3946504099442048,0.0,0.0,0.0,0.0,0.0,0.0
46,0.0,0.0,0.0,0.1021790818504428,0.05085554302785397,0.0,0.3172417207928034,0.0,0.0,0.0,0.17908806818948578,0.0,0.3506355861394142
47,0.07127474763813735,0.045391776951117284,0.0,0.0,0.025571856022843172,0.0,0.15951967328535505,0.3418278713257608,0.0,0.0,0.18010285693507827,0.0,0.17631121784170817
48,0.0,0.09746553182613932,0.06997039152499107,0.05516070742921075,0.027454031483851456,0.0,0.17126086306593052,0.0,0.08027852956215493,0.0,0.38671807789081086,0.11169186721691121,0.0
49,0.16692191864269149,0.0,0.0,0.12032714994181748,0.05988801661226335,0.0,0.0,0.26684796517709186,0.17511897714746655,0.0,0.21089597247866937,0.0,0.0
50,0.0,0.0,0.14139597039473684,0.0,0.16643708881578947,0.0,0.6921669407894737,0.0,0.0,0.0,0.0,0.0,0.0
51,0.0,0.0,0.0,0.11490748089052254,0.17157178062737563,0.0,0.7135207384821018,0.0,0.0,0.0,0.0,0.0,0.0
52,0.352576500599764,0.07484686327095261,0.32239485463402545,0.08471930229135433,0.04216563747630765,0.0,0.0,0.0,0.12329684172759604,0.0,0.0,0.0,0.0
53,0.10102983790551603,0.0,0.09238136929103606,0.0,0.10874203927234932,0.0,0.22611439912186923,0.0,0.0,0.3440871290984967,0.12764522531073264,0.0,0.0
54,0.0,0.0,0.3484606102600621,0.1373533387068036,0.27344847889110213,0.0,0.0,0.0,0.0,0.0,0.24073757214203212,0.0,0.0
55,0.0,0.1716349579460151,0.2464330719147065,0.3885478495833103,0.19338412055596815,0.0,0.0,0.0,0.0,0.0,0.0,0.0,0.0
56,0.0,0.2374178391439113,0.0,0.06718342227308532,0.03343785597103178,0.0,0.0,0.1489918072178627,0.19555174697344482,0.31741732842066406,0.0,0.0,0.0
57,0.16490669127028176,0.21004375310848897,0.0,0.0,0.0,0.0,0.0,0.0,0.0,0.0,0.6250495556212292,0.0,0.0
58,0.08412767317160133,0.10715448886355723,0.07692608247208682,0.06064418158075555,0.0,0.0,0.5648572341521804,0.0,0.0,0.0,0.10629033975981889,0.0,0.0
59,0.09666860416751026,0.2462560648169638,0.0,0.06968442324958563,0.10404788692838891,0.4833430208375513,0.0,0.0,0.0,0.0,0.0,0.0,0.0
60,0.0,0.20027555384447956,0.057511034528103466,0.0,0.022565398280492505,0.3144752313557998,0.0,0.0,0.06598364229340443,0.0,0.0,0.1836066568164297,0.15558248288129042
61,0.1881535086653995,0.0,0.17204698263178556,0.0,0.03375272865371671,0.0,0.0,0.0,0.098696594947252,0.0,0.0,0.2746340033314838,0.23271618177036255
62,0.2798489936304907,0.08911180691485815,0.38383957297567306,0.0,0.1004038374094127,0.0,0.0,0.0,0.14679578906956545,0.0,0.0,0.0,0.0
63,0.09320111109421722,0.0,0.08522280586436205,0.0,0.13375426630315143,0.0,0.0,0.2979899470359326,0.0,0.0,0.11775409197387661,0.2720777777284602,0.0
64,0.0,0.0,0.0,0.277820801046963,0.2765483393627784,0.0,0.0,0.0,0.2021642436189954,0.0,0.2434666159712633,0.0,0.0
65,0.10040357261145122,0.06394265464414915,0.45904357127803574,0.07237680847757987,0.07204531164485813,0.0,0.0,0.0,0.1053341051950493,0.0,0.12685397614887656,0.0,0.0
66,0.11112503634779726,0.0,0.10161238732191578,0.08010547098690907,0.0,0.0,0.24870841468316532,0.17764886763083237,0.0,0.0,0.2807998230293802,0.0,0.0
67,0.12581312152835397,0.08012488769420915,0.0,0.0906935078501938,0.04513905886895142,0.0,0.0,0.0,0.13199144446054994,0.0,0.15895743849012464,0.36728054110761715,0.0
68,0.0,0.0,0.0,0.06742795992900721,0.100678694367281,0.0,0.0,0.1495341152167099,0.19626352622193172,0.0,0.11818018783256103,0.13653114867612642,0.23138436775638263
69,0.0,0.0,0.13232171952611818,0.20862995041848081,0.10383719669683167,0.0,0.32387316112583214,0.23133797223273725,0.0,0.0,0.0,0.0,0.0
70,0.0,0.6396484375,0.0,0.0,0.3603515625,0.0,0.0,0.0,0.0,0.0,0.0,0.0,0.0
71,0.0,0.047939841130012775,0.0,0.0,0.0,0.0,0.0,0.12033878487737902,0.31588931030311995,0.0,0.0,0.32962362814238605,0.18620843554710226
72,0.22629747005405326,0.07205949249688688,0.0,0.08156427218205908,0.0405953476814523,0.0,0.0,0.180884032186063,0.11870514612210385,0.0,0.0,0.0,0.27989423927738166
73,0.0,0.0,0.13407197635239887,0.0,0.0,0.3665584885379416,0.0,0.0,0.0,0.4993695351096596,0.0,0.0,0.0
74,0.4399132377729287,0.0,0.4022552952398375,0.0,0.15783146698723394,0.0,0.0,0.0,0.0,0.0,0.0,0.0,0.0
75,0.0,0.20186197416907892,0.0,0.4569758801741725,0.3411621456567486,0.0,0.0,0.0,0.0,0.0,0.0,0.0,0.0
76,0.0,0.38270516945572514,0.1373717972073566,0.10829617141806946,0.0,0.0,0.0,0.0,0.0,0.0,0.0,0.0,0.37162686191884886
77,0.21140896268319273,0.0,0.19331169739513732,0.0,0.1516980342917566,0.0,0.0,0.0,0.4435813056299133,0.0,0.0,0.0,0.0
78,0.0,0.2047737413034655,0.1470068298462622,0.0,0.28840271198846856,0.0,0.3598167168618037,0.0,0.0,0.0,0.0,0.0,0.0
79,0.0,0.12920740043334708,0.0,0.0,0.072790123297565,0.0,0.0,0.0,0.0,0.0,0.0,0.2961337314279819,0.5018687448411061
80,0.1242801753975077,0.0,0.22728281103824366,0.17917693999027184,0.0891781411249292,0.0,0.0,0.19867919196200212,0.0,0.0,0.0,0.1814027404870454,0.0
81,0.12743971401189422,0.0,0.2330609555859544,0.09186605151164154,0.18289058194073368,0.0,0.0,0.2037301550530282,0.0,0.0,0.16101254189674807,0.0,0.0
82,0.08956659017620683,0.17112316009275289,0.0,0.0,0.09640373446446689,0.0,0.0,0.0,0.09396494951521699,0.3050456332088204,0.11316208973875594,0.13073384280378014,0.0
83,0.3212856405352905,0.06820426876765427,0.09792752986484211,0.0,0.0,0.0,0.0,0.0,0.11235435346100191,0.0,0.13530846868421734,0.0,0.2649197386869939
84,0.0,0.0,0.0,0.10067285254045918,0.20042351101184544,0.0,0.0,0.22326088386523602,0.0,0.47564275258245936,0.0,0.0,0.0
85,0.0,0.0,0.08489712333256501,0.06692810029591782,0.03331077968926597,0.0,0.0,0.1484255829691783,0.09740428882352327,0.3162110245865103,0.1173040897659635,0.13551901053707585,0.0
86,0.1506488470097381,0.28782503290478423,0.0,0.10859656149474986,0.05404958633173809,0.0,0.0,0.24083319079788065,0.1580467814611092,0.0,0.0,0.0,0.0
87,0.0,0.030379176151279292,0.0872367003877203,0.06877249079645435,0.017114375572247417,0.2385088510600438,0.1067611047602101,0.07625793197157864,0.05004426785634848,0.3249251014441177,0.0,0.0,0.0
88,0.0,0.03244219337368954,0.09316085101082833,0.03672137838923755,0.07310637773979506,0.25470573095513704,0.0,0.1628730524475026,0.0,0.3469904160838099,0.0,0.0,0.0
89,0.0,0.08107559018694613,0.11640814310888375,0.09176960975148198,0.09134929092819274,0.0,0.0,0.0,0.0,0.4335781562171468,0.0,0.18581920980734862,0.0
90,0.0,0.46944527498812816,0.0,0.3542439805125139,0.17631074449935805,0.0,0.0,0.0,0.0,0.0,0.0,0.0,0.0
91,0.0,0.1818730624709452,0.0,0.0,0.051229893169296783,0.0,0.0,0.2282692518767986,0.14980169654414907,0.0,0.1804063442252118,0.20841975171359872,0.0
92,0.2062476454875344,0.1313501265300016,0.0,0.44602634990402384,0.0,0.0,0.0,0.0,0.21637587807844016,0.0,0.0,0.0,0.0
93,0.14335540082039633,0.0,0.26216746453535517,0.4133560637152532,0.0,0.0,0.0,0.0,0.0,0.0,0.18112107092899538,0.0,0.0
94,0.0,0.0,0.0,0.0,0.04722714005454807,0.6581654624623188,0.29460739748313325,0.0,0.0,0.0,0.0,0.0,0.0
95,0.3124300890827196,0.09948654598162479,0.0,0.0,0.056046619033922974,0.0,0.0,0.0,0.0,0.5320367459017327,0.0,0.0,0.0
96,0.09098835976427096,0.057946516381039766,0.08319947293620107,0.06558976854172907,0.03264467869405141,0.0,0.2036406147105112,0.14545758193607944,0.09545653814555213,0.0,0.0,0.0,0.22507646889056498
97,0.0710269398328724,0.0,0.12989362537529192,0.05120040141326691,0.05096589575793897,0.0,0.3179301116328574,0.11354646844030622,0.0,0.0,0.08973833796088718,0.0,0.17569821958657908
98,0.0,0.0,0.0,0.0,0.14602346805736635,0.0,0.0,0.0,0.8539765319426337,0.0,0.0,0.0,0.0
99,0.0828468668719111,0.0,0.0,0.11944180193189637,0.05944737012182934,0.4142343343595555,0.0,0.1324422701693817,0.08691523979865674,0.0,0.1046721167467694,0.0,0.0
100,0.0,0.0,0.0,0.7508597630875048,0.2491402369124952,0.0,0.0,0.0,0.0,0.0,0.0,0.0,0.0
101,0.0,0.26902291407645695,0.1287541573206389,0.10150251052577976,0.0505188067655026,0.0,0.0,0.45020161131162184,0.0,0.0,0.0,0.0,0.0
102,0.24792936222304762,0.0,0.0,0.17872208626508035,0.0,0.0,0.0,0.0,0.26010446483221517,0.0,0.313244086679657,0.0,0.0
103,0.4399132377729287,0.0,0.4022552952398375,0.0,0.15783146698723394,0.0,0.0,0.0,0.0,0.0,0.0,0.0,0.0
104,0.15488616041052156,0.09864023765981725,0.0,0.0,0.0555698438114085,0.0,0.0,0.4952142543737765,0.0,0.0,0.1956895037444762,0.0,0.0
105,0.0,0.17207677171937621,0.12353371354951327,0.19477401461487676,0.0,0.0,0.0,0.0,0.14173287670636123,0.0,0.1706890558184135,0.1971935675914591,0.0
106,0.0,0.05132502440371031,0.0,0.0,0.11565761224408613,0.0,0.0,0.12883628574808917,0.0,0.0,0.30546667749950174,0.0,0.39871440010461273
107,0.0,0.05240753828566303,0.0,0.11864037808226784,0.029524246759404058,0.0,0.0,0.13155361651299088,0.0,0.0,0.10396979369575085,0.36034251479645335,0.20356191186747008
108,0.10658017163071326,0.0678762610656304,0.09745657717205299,0.07682926482582092,0.0764773750632599,0.0,0.0,0.0,0.0,0.0,0.0,0.3111346625244425,0.26364568771808017
109,0.0,0.0,0.0,0.11559416085992143,0.05753236097760974,0.0,0.0,0.2563516764648598,0.33646157536012844,0.0,0.0,0.23406022633748066,0.0
110,0.0,0.06503114128124225,0.0,0.0736088685054552,0.03663586432485251,0.0,0.22853801078836566,0.0,0.0,0.0,0.0,0.5961861151000843,0.0
111,0.2727335986261481,0.08684606460317724,0.24938675360756732,0.0,0.04892549288331664,0.0,0.0,0.0,0.14306338320791254,0.0,0.0,0.1990447070718783,0.0
112,0.17619180363123332,0.2244177444625465,0.16110923678342348,0.12700942899797496,0.1264277064224117,0.0,0.0,0.0,0.18484407970240999,0.0,0.0,0.0,0.0
113,0.0,0.0,0.0,0.17878583894983519,0.04449174312797425,0.6200445052941093,0.0,0.0,0.0,0.0,0.1566779126280814,0.0,0.0
114,0.0,0.1275024375397898,0.06102256738285659,0.0,0.04788641165616533,0.33367659185944987,0.0,0.0,0.0700124991847953,0.0,0.0,0.1948173890359521,0.165082103340991
115,0.0,0.0,0.5037955272533806,0.13238798620053047,0.13178162901182575,0.0,0.0,0.0,0.0,0.0,0.2320348575342631,0.0,0.0
116,0.28275614158817164,0.0,0.25855133569346433,0.0,0.10144685995911501,0.0,0.0,0.0,0.0,0.0,0.3572456627592491,0.0,0.0
117,0.0,0.0,0.0,0.0,0.07307960808113408,0.0,0.45587755517278883,0.0,0.21369260398724477,0.0,0.2573502327588324,0.0,0.0
118,0.0,0.0,0.0,0.0,0.20566316046312305,0.0,0.0,0.0,0.1202762233065586,0.39046194232853804,0.0,0.0,0.28359867390178023
119,0.0,0.0,0.23767040261641406,0.0936829654484945,0.04662694158199879,0.0,0.0,0.0,0.1363421729295054,0.0,0.16419702546349035,0.0,0.32148049196009687
120,0.0,0.07331260004270283,0.0,0.1659653338390021,0.12390389045385043,0.0,0.0,0.18402958786229487,0.0,0.0,0.0,0.16802701500470402,0.2847615727974457
121,0.04792489043076924,0.0,0.04382237062735709,0.034547083592732425,0.0343888526755138,0.4792489043076924,0.0,0.07661462075667191,0.05027834487156595,0.163222452916388,0.0,0.06995247982130914,0.0
122,0.15150789887082394,0.0,0.13853835110756274,0.0,0.10871559155616373,0.0,0.0,0.0,0.15894801890465907,0.0,0.0,0.4422901395607904,0.0
123,0.0,0.0,0.2650149150208207,0.0,0.3119488541695462,0.0,0.0,0.0,0.0,0.0,0.0,0.4230362308096331,0.0
124,0.0,0.0,0.0,0.0,0.10548774674979707,0.0,0.0,0.0,0.308457473754987,0.0,0.37147566731783377,0.21457911217738224,0.0
125,0.0,0.03473045824542629,0.0,0.07862293921817362,0.05869712561478916,0.2726710445226021,0.24410550652499619,0.174361076089283,0.057212228091795984,0.0,0.0,0.07959962169293354,0.0
126,0.0,0.09159904092614221,0.065758844555927,0.05184056150574613,0.05160312381946027,0.0,0.16095260048450705,0.11496614320321932,0.07544653147711268,0.0,0.0,0.2099381745450092,0.1778949794828762
127,0.0,0.0,0.0,0.23663476452263646,0.1177754705868389,0.0,0.0,0.0,0.0,0.0,0.0,0.2395743268148431,0.40601543807568147
128,0.0,0.18233935846873253,0.0,0.20639025544466966,0.0513612391411926,0.0,0.0,0.22885450093524595,0.15018576623875518,0.0,0.18086887977140406,0.0,0.0
129,0.0,0.09737030571262671,0.0,0.0551068141226369,0.16456324950210346,0.0,0.0,0.0,0.0,0.0,0.19317012262343689,0.11158274163962503,0.3782067663995711
130,0.0,0.17678961759130016,0.0,0.040021698706251385,0.0,0.0,0.0,0.0,0.11649173016283887,0.3781760515431291,0.07014555794751587,0.08103772533067051,0.13733761871829422
131,0.0,0.05621099022284852,0.08070760853008212,0.0,0.09500086439189818,0.0,0.19754147992601054,0.14110105709000753,0.0,0.30060659988740734,0.0,0.128831399951746,0.0
132,0.0,0.044074001012162786,0.12656269551352584,0.0,0.0,0.3460277951805972,0.1548886321284578,0.11063473723461272,0.21781213893064377,0.0,0.0,0.0,0.0
133,0.09506768889308724,0.12108892623238754,0.0,0.0,0.1364330191748122,0.0,0.21277054180833813,0.0,0.199472382945317,0.0,0.0,0.0,0.2351674409460579
134,0.0,0.11648125395723083,0.0,0.26369069147373114,0.19686221088649547,0.0,0.0,0.0,0.19188206567061689,0.0,0.2310837780119257,0.0,0.0
135,0.1291380630401693,0.0,0.0,0.0,0.04633197681593861,0.0,0.0,0.20644520281931833,0.13547966435017766,0.0,0.1631583054539774,0.0,0.31944678752041883
136,0.15451590969596202,0.09840444113428476,0.0,0.0,0.055437005768780266,0.0,0.6916426434009729,0.0,0.0,0.0,0.0,0.0,0.0
137,0.0,0.0,0.11061864030611307,0.0,0.08680607804174369,0.0,0.0,0.19339449359640176,0.12691513642263866,0.0,0.30568807052334473,0.17657758110975813,0.0
138,0.09984741180366773,0.0,0.09130016254420978,0.0,0.035823117212002924,0.0,0.223468016893923,0.0,0.20950126583805284,0.3400600257081437,0.0,0.0,0.0
139,0.0,0.07406034779210231,0.21267134891272957,0.08382904397326918,0.12516764123031643,0.0,0.2602692222408167,0.0,0.24400239585076566,0.0,0.0,0.0,0.0
140,0.0,0.0,0.10495202201389729,0.0,0.08235929666434079,0.28694329422948517,0.0,0.09174377434548167,0.06020685191422234,0.0,0.29002870599539365,0.08376605483717892,0.0
141,0.0,0.0998559552402582,0.28674589481443796,0.11302713952041496,0.11250945796535962,0.0,0.0,0.0,0.0,0.0,0.0,0.0,0.3878615524595292
142,0.0,0.3542031059249948,0.2542819962768932,0.0,0.09977171456971227,0.0,0.0,0.0,0.2917431832283998,0.0,0.0,0.0,0.0
143,0.06899515983225094,0.0,0.12617791875936943,0.04973577472570236,0.024753988642105297,0.0,0.1544177386721807,0.0,0.0723833150025847,0.0,0.0,0.5035361043658066,0.0
144,0.10712141330455859,0.0,0.0,0.07721942370113886,0.03843287347568133,0.0,0.23974792501496447,0.0,0.2247636797015292,0.0,0.0,0.31271468480212755,0.0
145,0.0,0.052710881279943785,0.0,0.0596635435346603,0.0,0.0,0.18524109706951675,0.1323150693353691,0.08683176425133599,0.0,0.0,0.4832376445291741,0.0
146,0.0,0.0,0.28717227705904796,0.07546347157891138,0.07511783735793927,0.0,0.0,0.1673543655423477,0.10982630238716568,0.0,0.13226393405766187,0.15280181201692616,0.0
147,0.0,0.0,0.2807072384714098,0.22129374321212372,0.11014009204145393,0.0,0.0,0.0,0.0,0.0,0.38785892627501256,0.0,0.0
148,0.0,0.07519569792391148,0.0,0.0,0.042362156540340964,0.5903662241260283,0.0,0.0,0.0,0.0,0.0,0.0,0.29207592140971933
149,0.27480321820485276,0.0,0.12563960365396964,0.0,0.14789028155299327,0.0,0.3075178870387638,0.0,0.14414900954942056,0.0,0.0,0.0,0.0
150,0.0,0.04958655314109222,0.07119625723370829,0.056127110763997026,0.05587004002767337,0.0,0.0,0.2489447361777283,0.0,0.0,0.09837332316700555,0.2272973678144476,0.19260461167434767
151,0.5131803426272473,0.0,0.1173126269624544,0.277447961313044,0.0920590690972543,0.0,0.0,0.0,0.0,0.0,0.0,0.0,0.0
152,0.0,0.0,1.0,0.0,0.0,0.0,0.0,0.0,0.0,0.0,0.0,0.0,0.0
153,0.4967019069638503,0.0,0.15139422585798293,0.0,0.17820602768932034,0.0,0.0,0.0,0.17369783948884648,0.0,0.0,0.0,0.0
154,0.0,0.0,0.6283924233228513,0.0,0.08218669353382839,0.0,0.0,0.0,0.0,0.0,0.28942088314332043,0.0,0.0
155,0.0,0.21629398050501175,0.1552771961213022,0.0,0.09138833451108702,0.0,0.0,0.0,0.0,0.28917564784909183,0.0,0.24786484101350725,0.0
156,0.0,0.0,0.13478895933670357,0.10626000782065281,0.1586599811428984,0.0,0.0,0.23565144591518924,0.0,0.0,0.0,0.0,0.36463960578455595
157,0.2270479226120391,0.07229845774231597,0.2076119136724871,0.32733902953269445,0.0,0.0,0.0,0.0,0.0,0.0,0.0,0.16570267644046333,0.0
158,0.13188046421756386,0.0,0.12059108595769458,0.09506720580100463,0.0,0.0,0.0,0.0,0.0,0.0,0.0,0.0,0.652461244023737
159,0.0,0.08404819434316406,0.2413524024328991,0.09513430586695563,0.2840957286652904,0.0,0.29536936869169084,0.0,0.0,0.0,0.0,0.0,0.0
160,0.0,0.0,0.0,0.1508906346359027,0.07509976624626606,0.0,0.46847949420289786,0.0,0.0,0.0,0.0,0.3055301049149334,0.0
161,0.0,0.3897831381192724,0.27982485985605354,0.2205981257147416,0.10979387630993247,0.0,0.0,0.0,0.0,0.0,0.0,0.0,0.0
162,0.16981456909449122,0.0,0.15527791337434022,0.12241234275216392,0.30462918883362927,0.0,0.0,0.0,0.0,0.0,0.0,0.2478659859453754,0.0
163,0.0,0.0,0.0,0.0,0.11139221941113922,0.0,0.0,0.496339481049634,0.0,0.0,0.3922682995392268,0.0,0.0
164,0.2678952096441716,0.0,0.24496254578358104,0.0,0.09611507521584782,0.0,0.0,0.0,0.0,0.0,0.0,0.3910271693563996,0.0
165,0.0,0.12182192815573864,0.17491164003683876,0.13789046469161828,0.13725890531135132,0.0,0.42811706180445297,0.0,0.0,0.0,0.0,0.0,0.0
166,0.10271436488556966,0.06541429742034924,0.3756867820717334,0.07404256364450573,0.036851718699402854,0.0,0.0,0.0,0.21551674775097207,0.0,0.12977352552746704,0.0,0.0
167,0.0,0.0,0.0,0.1098976109215017,0.0,0.0,0.0,0.0,0.0,0.0,0.0,0.8901023890784983,0.0
168,0.0,0.07193803066565395,0.0,0.04071339465586857,0.0,0.0,0.0,0.09028956910076975,0.059252529722380154,0.0,0.07135788525705997,0.2473149066673259,0.4191336839309417
169,0.0,0.06623439924126802,0.09509919579777393,0.1499416768099871,0.03731373025958458,0.5200104961708063,0.0,0.0,0.0,0.0,0.1314005017205801,0.0,0.0
170,0.11844384779463754,0.0,0.0,0.17076260264871057,0.04249512096448828,0.0,0.0,0.0,0.0,0.0,0.14964679694483776,0.518651631647326,0.0
171,0.0,0.06346122803243608,0.0,0.0718318808097206,0.14300575965782542,0.0,0.22302088708541826,0.1593006336324416,0.0,0.33937961078215817,0.0,0.0,0.0
172,0.0,0.0,0.0,0.22784736551483623,0.0,0.0,0.3537059102754124,0.25264707876815173,0.16579964544159959,0.0,0.0,0.0,0.0
173,0.0,0.18125008488272604,0.0,0.41031460933574176,0.40843530578153225,0.0,0.0,0.0,0.0,0.0,0.0,0.0,0.0
174,0.10407138739846888,0.0,0.0,0.0750207853946018,0.11201576811590926,0.0,0.0,0.0,0.0,0.70889205909102,0.0,0.0,0.0
175,0.0,0.0,0.17105921382974446,0.0,0.06711789000647987,0.0,0.0,0.2990627071717301,0.0,0.0,0.0,0.0,0.46276018899204546
176,0.0,0.10668366789867684,0.07658808065099564,0.0,0.060101180846735505,0.0,0.18745844502196074,0.13389888930140054,0.0,0.0,0.10582331573820365,0.12225550762301789,0.20719091291900923
177,0.2864652392571612,0.0,0.0,0.4130020320578705,0.0,0.0,0.0,0.0,0.30053272868496833,0.0,0.0,0.0,0.0
178,0.11659878778632406,0.14851336113705232,0.0,0.0,0.08366630573980505,0.0,0.0,0.18639942265160647,0.0,0.0,0.29463134548157155,0.1701907772036407,0.0
179,0.0,0.08040234579019596,0.2308830007516133,0.0,0.1358861019690793,0.0,0.0,0.0,0.0,0.0,0.0,0.5528285514891115,0.0
180,0.0,0.05908786271254729,0.0,0.06688166055499985,0.0998629985080761,0.0,0.0,0.0,0.2920101072445976,0.0,0.11722269538134383,0.13542497727285685,0.2295096983255784
181,0.0,0.10599108918826104,0.0,0.11997150892781695,0.11942202110066664,0.0,0.0,0.0,0.0,0.0,0.0,0.2429236764625362,0.4116917043207192
182,0.0,0.0,0.24404353367977255,0.0,0.09575448573389549,0.0,0.0,0.0,0.0,0.0,0.0,0.0,0.6602019805863321
183,0.09187687756555248,0.0,0.08401193084787872,0.06623026450277555,0.06592691977986208,0.0,0.0,0.146878001550373,0.0,0.3129140033029686,0.2321620024505896,0.0,0.0
184,0.0,0.2080746779223197,0.14937656839170424,0.0,0.0,0.0,0.0,0.0,0.0,0.0,0.0,0.23844582656315522,0.4041029271228209
185,0.19764516568221782,0.12587158248054522,0.0,0.28494855175043676,0.14182172193991202,0.0,0.0,0.0,0.0,0.0,0.24971297814688814,0.0,0.0
186,0.0,0.0,0.08776397527397627,0.13837632911295644,0.0,0.0,0.0,0.30687539653621637,0.0,0.3268890093537957,0.0,0.1400952897230553,0.0
187,0.0,0.0,0.17004548027372862,0.13405425898879833,0.13344027001633055,0.46491157904625796,0.0,0.0,0.0975484116748845,0.0,0.0,0.0,0.0
188,0.0,0.10555537864715894,0.1515561662288002,0.0,0.17839664757619078,0.0,0.0,0.0,0.0,0.5644918075478501,0.0,0.0,0.0
189,0.08129208125466765,0.15531413898249513,0.07433322604998793,0.0,0.029165861213506714,0.0,0.18193941995092286,0.0,0.0,0.2768643347079261,0.0,0.0,0.20109093784049364
190,0.0,0.10917022272779235,0.0,0.0,0.0,0.0,0.0,0.0,0.0,0.0,0.2165796354115881,0.25021001358108935,0.4240401282795303
191,0.0,0.25890081850562063,0.0,0.0,0.07292702444929314,0.0,0.45492572394559055,0.0,0.2132464330994956,0.0,0.0,0.0,0.0
192,0.38213662361451717,0.12168307120516468,0.0,0.0,0.06855122637359659,0.0,0.42762907880672163,0.0,0.0,0.0,0.0,0.0,0.0
193,0.0,0.0569431422871361,0.0817588307546818,0.12890809511627743,0.12831767636001967,0.0,0.20011447146622116,0.14293890819015798,0.0,0.0,0.0,0.26101887582550587,0.0
194,0.20184743712722908,0.0,0.3691373363805357,0.0,0.21725563843465115,0.0,0.0,0.0,0.2117595880575841,0.0,0.0,0.0,0.0
195,0.0,0.16190836106650786,0.11623382341155915,0.09163218594101441,0.1824249930795157,0.0,0.0,0.0,0.1333575563248692,0.0,0.0,0.0,0.31444308017653366
196,0.0,0.0,0.0,0.2421690571195015,0.0,0.0,0.0,0.0,0.23496164470523065,0.38138701749254833,0.14148228068271954,0.0,0.0
197,0.13828200929742013,0.0,0.0,0.19936363303615784,0.09922525857982817,0.0,0.0,0.22106307608771245,0.0,0.0,0.0,0.0,0.34206602299888134
198,0.0,0.0,0.1411221942189628,0.2225055454863401,0.11074321805885018,0.0,0.0,0.0,0.0,0.5256290422358469,0.0,0.0,0.0
199,0.27822026776961317,0.17718634939257208,0.0,0.0,0.09981948538299099,0.0,0.0,0.4447738974548238,0.0,0.0,0.0,0.0,0.0
200,0.0,0.0,0.15014879811857026,0.11836883778059067,0.11782669043197727,0.0,0.0,0.0,0.0,0.0,0.20746366191651913,0.0,0.4061920117523427
201,0.23935746074932018,0.0,0.0,0.17254295483463264,0.08587634087952709,0.0,0.0,0.0,0.50222324353652,0.0,0.0,0.0,0.0
202,0.0,0.1716349579460151,0.2464330719147065,0.3885478495833103,0.19338412055596815,0.0,0.0,0.0,0.0,0.0,0.0,0.0,0.0
203,0.0,0.0,0.0,0.11856938725990518,0.059013160682029144,0.8224174520580657,0.0,0.0,0.0,0.0,0.0,0.0,0.0
204,0.0,0.23714698615692206,0.0,0.06710677752446645,0.0,0.4654640313399162,0.0,0.0,0.0,0.0,0.0,0.0,0.23028220497869537
205,0.0,0.1656220698657545,0.0,0.37493585141388597,0.1866092939861478,0.0,0.0,0.0,0.2728327847342117,0.0,0.0,0.0,0.0
206,0.13192856180442178,0.16803908956118763,0.0,0.0,0.047333148128304,0.0,0.0,0.0,0.0,0.0,0.0,0.0,0.6526992005060867
207,0.500679467996329,0.31886090780254017,0.0,0.18045962420113085,0.0,0.0,0.0,0.0,0.0,0.0,0.0,0.0,0.0
208,0.0,0.37118259405022314,0.35529540130877385,0.0,0.06970299094378235,0.0,0.0,0.0,0.20381901369722075,0.0,0.0,0.0,0.0
209,0.0,0.09961259992103173,0.0,0.1127516851866893,0.0,0.0,0.0,0.0,0.1640939704056282,0.0,0.395237090009255,0.22830465447739573,0.0
210,0.09676696517088718,0.1232533160713197,0.17696682346426837,0.13951065530772078,0.06943583760353736,0.0,0.0,0.1546954885384931,0.0,0.0,0.0,0.0,0.23937091384377354
211,0.059666891827170984,0.07599848010506874,0.0,0.04301140975271528,0.0214072054647102,0.29833445913585493,0.0,0.0,0.0,0.2032133272374664,0.15077117827295897,0.0,0.14759704820405453
212,0.0,0.08023314786938024,0.11519856639611403,0.0454080238708609,0.022600024094504817,0.31495778259363094,0.14098110268476816,0.0,0.06608489188348507,0.21453646060725587,0.0,0.0,0.0
213,0.17544689837809027,0.22346894915366514,0.0,0.3794173722593671,0.0,0.0,0.0,0.0,0.0,0.0,0.22166678020887753,0.0,0.0
214,0.46958543783095136,0.14952923833370402,0.0,0.0,0.08423860907654471,0.0,0.0,0.0,0.0,0.0,0.29664671475879995,0.0,0.0
215,0.0,0.0,0.08542008383579225,0.13468074567974606,0.06703194365129346,0.0,0.20907582424570104,0.0,0.0,0.0,0.0,0.27270759684221874,0.23108380574524848
216,0.11347282780365107,0.0,0.10375920052084825,0.0817978973431227,0.08142325048506259,0.0,0.0,0.0,0.4761806166760358,0.0,0.1433662071712796,0.0,0.0
217,0.0,0.0,0.0,0.0,0.30979978925184404,0.0,0.0,0.690200210748156,0.0,0.0,0.0,0.0,0.0
218,0.2369186020553527,0.0,0.0,0.0,0.08500133050840898,0.0,0.0,0.37874742505447545,0.0,0.0,0.2993326423817628,0.0,0.0
219,0.5007468126923962,0.0,0.22894066339049243,0.18048389721275016,0.08982862670436115,0.0,0.0,0.0,0.0,0.0,0.0,0.0,0.0
220,0.0,0.0,0.45856625297704057,0.3615077515800596,0.1799259954428999,0.0,0.0,0.0,0.0,0.0,0.0,0.0,0.0
221,0.2142721712034477,0.13646059683688402,0.0,0.0,0.15375255032919147,0.0,0.0,0.0,0.2247944653250456,0.0,0.27072021630543125,0.0,0.0
222,0.07710338959586203,0.0,0.0,0.1667419928376771,0.11065219270245849,0.0,0.0,0.36978156234750165,0.08088971676351599,0.0,0.19483114575298474,0.0,0.0
223,0.0,0.0,0.0,0.0,0.0697333080809193,0.0,0.0,0.0,0.2039076642544739,0.0,0.24556621931721587,0.0,0.480792808347391
224,0.0,0.0,0.0,0.289789807583676,0.28846252602222405,0.0,0.0,0.0,0.42174766639409994,0.0,0.0,0.0,0.0
225,0.13443722160137253,0.0,0.0,0.09691026710528387,0.09646640328648105,0.6721861080068626,0.0,0.0,0.0,0.0,0.0,0.0,0.0
226,0.14178387327314218,0.18059192530725426,0.12964673237038293,0.0,0.10173804647080431,0.0,0.0,0.0,0.44623942257841626,0.0,0.0,0.0,0.0
227,0.0,0.0,0.0,0.06496500846242359,0.0,0.0,0.0,0.28814411916666793,0.09454728910156292,0.30693612693840716,0.11386340192876394,0.13154405440217448,0.0
228,0.0,0.0,0.09003927771099536,0.0,0.0,0.0,0.0,0.0,0.20660798546183762,0.3353636865467509,0.12440910952540758,0.0,0.2435799407550085
229,0.1878878495671547,0.1196575735725782,0.17180406477930488,0.06772031387773214,0.0,0.0,0.0,0.0,0.19711448503697035,0.0,0.11869259314054129,0.1371231200257185,0.0
230,0.1505744232439041,0.0,0.4130543517002039,0.10854291246109651,0.10804576935058767,0.0,0.0,0.0,0.0,0.0,0.0,0.21978254324420787,0.0
231,0.0,0.0,0.0930283046957247,0.0,0.07300236429557634,0.50868668737875,0.0,0.325282643629949,0.0,0.0,0.0,0.0,0.0
232,0.0,0.11246059458638828,0.32294131830643796,0.0,0.0,0.0,0.0,0.5645980871071739,0.0,0.0,0.0,0.0,0.0
233,0.0,0.0,0.0,0.4241424424367101,0.10554995132394465,0.0,0.0,0.4703076062393453,0.0,0.0,0.0,0.0,0.0
234,0.16165037462591691,0.0,0.0739062996830554,0.05826355527161116,0.0,0.4041259365647923,0.0,0.0,0.0,0.0,0.10211784418572709,0.0,0.19993598966889722
235,0.1136436839920424,0.07237470389737118,0.0,0.08192106054641093,0.08154584958207622,0.0,0.0,0.3633505542602717,0.0,0.0,0.2871641477218276,0.0,0.0
236,0.0,0.22030482462683532,0.0,0.0,0.12411065692717899,0.0,0.0,0.0,0.0,0.0,0.6555845184459858,0.0,0.0
237,0.0,0.0,0.0,0.0,0.0,0.0,0.0,0.0,0.0,0.0,0.0,0.0,0.0
238,0.0,0.10040508373122486,0.0,0.0,0.0,0.0,0.0,0.5040745019975779,0.16539944596795525,0.0,0.0,0.23012096830324208,0.0
239,0.1467911975543206,0.09348490901155919,0.0,0.10581574056829858,0.10533108832142088,0.0,0.0,0.0,0.0,0.0,0.18546199691002874,0.0,0.363115067634372
240,0.0,0.0,0.0,0.1687846690084494,0.2520174141836084,0.0,0.0,0.0,0.0,0.0,0.0,0.0,0.5791979168079422
241,0.0861883183120413,0.05488957941281763,0.0,0.06212961596113406,0.061845052834594516,0.0,0.0,0.13778404628115445,0.09042078037200763,0.29353992468593776,0.0,0.0,0.21320268214031268
242,0.21617001201975042,0.0,0.39533037217619726,0.15582807614920657,0.23267153965484585,0.0,0.0,0.0,0.0,0.0,0.0,0.0,0.0
243,0.28045911890527775,0.0,0.08548364843416378,0.0,0.10062273731716073,0.0,0.0,0.2989020088106135,0.09807722164098256,0.0,0.0,0.13645526489180182,0.0
244,0.2333938541457832,0.148638362396366,0.0,0.0,0.0,0.0,0.0,0.3731126239745514,0.24485515948329936,0.0,0.0,0.0,0.0
245,0.0,0.18012920933904772,0.25862909823388563,0.20388858357702028,0.0,0.0,0.0,0.0,0.0,0.0,0.35735310885004634,0.0,0.0
246,0.0,0.0,0.0,0.0,0.24277456647398843,0.0,0.7572254335260116,0.0,0.0,0.0,0.0,0.0,0.0
247,0.0,0.0,0.0,0.6676860346585117,0.33231396534148827,0.0,0.0,0.0,0.0,0.0,0.0,0.0,0.0
248,0.2475345614685394,0.0,0.22634483247123252,0.0,0.26643032951957296,0.0,0.0,0.0,0.2596902765406552,0.0,0.0,0.0,0.0
249,0.22516038473495303,0.0,0.2058859549132839,0.0,0.0,0.0,0.0,0.0,0.0,0.0,0.5689536603517631,0.0,0.0
250,0.0,0.0,0.0,0.0,1.0,0.0,0.0,0.0,0.0,0.0,0.0,0.0,0.0
251,0.8478964401294499,0.0,0.0,0.0,0.15210355987055016,0.0,0.0,0.0,0.0,0.0,0.0,0.0,0.0
252,0.0,0.3700460142576061,0.08855186722506915,0.0,0.03474477843792789,0.0,0.0,0.0,0.10159745480733381,0.0,0.12235392406904716,0.28270596120301583,0.0
253,0.0,0.12397821450746428,0.0,0.28066233836352344,0.0,0.0,0.0,0.3112106200901655,0.0,0.0,0.0,0.28414882703884675,0.0
254,0.09206311513207878,0.0,0.08418222589898254,0.06636451550932058,0.0660605558963008,0.0,0.0,0.0,0.09658407167874337,0.0,0.2326326027531023,0.13437783885738208,0.2277350742740896
255,0.0,0.08537293243708823,0.0,0.0,0.04809559094547413,0.0,0.0,0.2143034834645276,0.0,0.4565595952070371,0.0,0.195668397945873,0.0
256,0.29855100737797957,0.0,0.2729941118047673,0.0,0.4284548808172531,0.0,0.0,0.0,0.0,0.0,0.0,0.0,0.0
257,0.04258275721954646,0.05423820025253885,0.03893754064822342,0.030696159345378584,0.0,0.0,0.0,0.06807447582716611,0.04467387476157777,0.43508469333014865,0.1614023862353777,0.12430991238004246,0.0
258,0.0,0.06141208117283181,0.0,0.13902489541579718,0.0,0.0,0.21581959955023752,0.15415685682159824,0.10116543728917385,0.3284211297503615,0.0,0.0,0.0
259,0.0,0.24327416717086697,0.0,0.0,0.27410127537725165,0.0,0.0,0.0,0.0,0.0,0.4826245574518813,0.0,0.0
260,0.08077316733473658,0.05144090602618725,0.07385873277689921,0.11645211241511101,0.0,0.0,0.36155608235548753,0.129127172269817,0.0847397068020674,0.0,0.10205212001969406,0.0,0.0
261,0.35211280498417225,0.11212264115349657,0.1609854264032694,0.12691182388233202,0.06316527417654998,0.0,0.0,0.0,0.18470202940017966,0.0,0.0,0.0,0.0
262,0.0,0.0,0.0,0.07018047468614741,0.0,0.4867837180358309,0.21789366426365767,0.0,0.10213765512358954,0.0,0.12300448789077449,0.0,0.0
263,0.0,0.0,0.0,0.2376400264652871,0.0,0.0,0.0,0.0,0.3458511099450161,0.0,0.4165088635896968,0.0,0.0
264,0.0,0.10300708189140242,0.0,0.11659390557646472,0.11605988768832823,0.0,0.0,0.25856879740086736,0.1696857732943192,0.0,0.0,0.236084554148618,0.0
265,0.0,0.0,0.23320965351965964,0.0,0.09150363504511835,0.0,0.0,0.4077202786023982,0.26756643283282383,0.0,0.0,0.0,0.0
266,0.27097436078995957,0.0,0.08259270400212775,0.0651114261611866,0.06481320588869262,0.0,0.0,0.0,0.09476037914529836,0.3076278975151715,0.11412002649756361,0.0,0.0
267,0.08235765910750219,0.052449999702609794,0.15061517424329193,0.059368251197125806,0.05909633554278783,0.4117882955375109,0.18432428466917156,0.0,0.0,0.0,0.0,0.0,0.0
268,0.0,0.1829477146233729,0.1313379507704759,0.0,0.15459780159394948,0.0,0.32146526998106956,0.0,0.0,0.0,0.0,0.2096512630311323,0.0
269,0.0,0.06763672324993115,0.0,0.07655813153136379,0.11431122540102868,0.0,0.0,0.0,0.11141942356796695,0.36170943303224057,0.2683650632174688,0.0,0.0
270,0.0,0.4720051454200749,0.0,0.26713174641105464,0.06647706055725482,0.0,0.0,0.0,0.19438604761161568,0.0,0.0,0.0,0.0
271,0.0,0.20781147275043602,0.0,0.11761109424066088,0.1756086262097196,0.0,0.0,0.2608246035541187,0.0,0.0,0.0,0.23814420324506488,0.0
272,0.29030468854642194,0.18488238972468604,0.0,0.10463435860185452,0.20831023452949357,0.0,0.0,0.0,0.0,0.0,0.0,0.21186832859754395,0.0
273,0.0,0.19250941348396317,0.0,0.0,0.10845186805432429,0.0,0.0,0.0,0.3171248820338501,0.0,0.3819138364278625,0.0,0.0
274,0.0,0.07778039533460245,0.1116769100329506,0.08803977263333836,0.1314548055502365,0.0,0.0,0.0,0.1281293119574478,0.0,0.46291880449142425,0.0,0.0
275,0.44439028524614915,0.1415063916434215,0.0,0.0800856725712002,0.03985943398200193,0.0,0.0,0.1776049609402127,0.11655325561701459,0.0,0.0,0.0,0.0
276,0.0,0.24149844357697547,0.0,0.0,0.05442010728543752,0.0,0.1697389060569599,0.0,0.1591302244283999,0.0,0.0,0.0,0.37521231865222715
277,0.0,0.04666601908331519,0.0,0.052821352888783146,0.026289711514111917,0.0,0.16399772420707912,0.23428246315297016,0.07687393322206834,0.0,0.1851587208789603,0.21391007505271187,0.0
278,0.11294253706850586,0.1438563480276362,0.0,0.0,0.12156410478365898,0.0,0.0,0.0,0.2369776447419543,0.38465936537824463,0.0,0.0,0.0
279,0.08986001220701936,0.2861396052662541,0.08216771544221614,0.0,0.03223985170786191,0.0,0.0,0.28730752202244286,0.0,0.0,0.0,0.0,0.22228529335420577
280,0.168456906644814,0.10728285382528804,0.154036471056542,0.06071682984897438,0.0,0.421142266612035,0.0,0.0,0.08836467201234664,0.0,0.0,0.0,0.0
281,0.0,0.0,0.0,0.0,0.4061650045330915,0.0,0.0,0.0,0.5938349954669084,0.0,0.0,0.0,0.0
282,0.0,0.0,0.30047793427677166,0.2368798438930378,0.117897449021573,0.0,0.0,0.0,0.34474477280861754,0.0,0.0,0.0,0.0
283,0.33399749750850943,0.0,0.3054062720408549,0.24076506722239174,0.11983116322824383,0.0,0.0,0.0,0.0,0.0,0.0,0.0,0.0
284,0.1046336069925336,0.13327315795796962,0.09567664452624668,0.0,0.03754030174541282,0.0,0.2341799775547181,0.0,0.1097718644787741,0.0,0.13219837442605054,0.1527260723182944,0.0
285,0.2462668631680037,0.0,0.0,0.1775236590321499,0.2650658603564009,0.0,0.0,0.0,0.0,0.0,0.31114361744344554,0.0,0.0
286,0.2884461123819009,0.09184937182892508,0.0,0.10396447302108391,0.0,0.0,0.0,0.0,0.1513054384146132,0.0,0.36443460435347697,0.0,0.0
287,0.0,0.0,0.0,0.15332983125249106,0.038156889304055024,0.0,0.0,0.0,0.4462993302527865,0.36221394919066735,0.0,0.0,0.0
288,0.0,0.21263409924056714,0.0,0.12034046414075043,0.17968392966359378,0.0,0.0,0.0,0.0,0.0,0.0,0.4873415069550887,0.0
289,0.2004526027485018,0.06382975832777496,0.0,0.0,0.03595905469152513,0.0,0.0,0.0,0.1051481286738793,0.3413504467094053,0.2532600088489136,0.0,0.0
290,0.1080569024316529,0.0,0.0,0.0778937793602406,0.19384253489647657,0.0,0.48368327755120827,0.0,0.0,0.0,0.13652350576042172,0.0,0.0
291,0.10730119151150908,0.0,0.0,0.0,0.15398949621499014,0.0,0.0,0.0,0.33771133935541925,0.0,0.13556870970540127,0.0,0.26542926321268034
292,0.3347262116130629,0.0,0.15303630297484394,0.12064518363354261,0.18013891541008348,0.0,0.0,0.0,0.0,0.0,0.21145338636846717,0.0,0.0
293,0.0,0.0,0.0,0.20548546643814056,0.0,0.47509405715484976,0.0,0.0,0.19936982755605306,0.0,0.12005064885095668,0.0,0.0
294,0.11918235324542012,0.3036081627390106,0.0,0.0,0.08552016187075948,0.0,0.0,0.19052961233111382,0.0,0.0,0.30115970981369605,0.0,0.0
295,0.0,0.0,0.13304332111892286,0.0,0.05220173057643233,0.0,0.3256393669291731,0.0,0.3052869064960998,0.0,0.18382867487937193,0.0,0.0
296,0.0,0.0,0.0,0.2546839587720244,0.12675873367890067,0.0,0.39536652647466647,0.0,0.0,0.0,0.22319078107440848,0.0,0.0
297,0.0,0.07293268541374531,0.0,0.247657922555264,0.0,0.0,0.0,0.0,0.0,0.3900313176474206,0.2893780743835701,0.0,0.0
298,0.0,0.3476105144195538,0.16636612168717943,0.0,0.06527647828031315,0.0,0.0,0.0,0.19087541640002284,0.0,0.22987146921293072,0.0,0.0
299,0.0,0.0,0.30880296122132844,0.0,0.040387969991797154,0.0,0.0,0.17996000234440232,0.0,0.0,0.1422264534657373,0.3286226129767347,0.0
300,0.23375227202198873,0.0,0.0,0.0,0.08386531896972114,0.0,0.0,0.0,0.0,0.0,0.0,0.6823824090082901,0.0
301,0.0,0.0,0.0,1.0,0.0,0.0,0.0,0.0,0.0,0.0,0.0,0.0,0.0
302,0.3158837916921052,0.0,0.14442157791370566,0.0,0.05666617637224787,0.0,0.0,0.2524921464205603,0.0,0.0,0.0,0.2305363076013811,0.0
303,0.1313339182366174,0.0,0.0,0.1893464465374545,0.09423960545222926,0.0,0.0,0.0,0.13778335172145129,0.44729667805224765,0.0,0.0,0.0
304,0.31961700529321363,0.0,0.0,0.23039876148437177,0.11467174999069496,0.0,0.0,0.0,0.3353124832317197,0.0,0.0,0.0,0.0
305,0.1479720098043591,0.0,0.2706102903036917,0.3200008187486907,0.10617838871457827,0.0,0.0,0.0,0.15523849242868032,0.0,0.0,0.0,0.0
306,0.15716746746938892,0.0,0.1437134430167564,0.22659113408163434,0.05638832802336854,0.0,0.0,0.2512541146619483,0.16488551274690358,0.0,0.0,0.0,0.0
307,0.0,0.0,0.0,0.0,0.22116527942925088,0.0,0.0,0.0,0.0,0.0,0.7788347205707491,0.0,0.0
308,0.45976497667362576,0.29280425343713296,0.0,0.0,0.24743076988924134,0.0,0.0,0.0,0.0,0.0,0.0,0.0,0.0
309,0.09447299982604779,0.0,0.0863858169615612,0.2043051069857782,0.033894893067360654,0.0,0.21143957103924982,0.15102826502803557,0.09911229892464836,0.0,0.11936104816731843,0.0,0.0
310,0.2566779765880602,0.32693400812029344,0.0,0.0,0.09209057175296816,0.0,0.0,0.0,0.0,0.0,0.32429744353867823,0.0,0.0
311,0.4401575054605945,0.0,0.13415955095102428,0.21152763554854748,0.0,0.0,0.0,0.0,0.0,0.0,0.0,0.2141553080398338,0.0
312,0.14590073683811028,0.0,0.4002335387971508,0.0,0.05234606588848232,0.0,0.0,0.0,0.1530655051649818,0.2484541533112748,0.0,0.0,0.0
313,0.0,0.0,0.18150893990264902,0.0,0.14243602306864367,0.0,0.0,0.0,0.0,0.6760550370287073,0.0,0.0,0.0
314,0.1123686895301373,0.14312543110884696,0.20549915984110714,0.0,0.16126193611958634,0.0,0.0,0.0,0.2357735896391274,0.0,0.141971193761195,0.0,0.0
315,0.47557276019831574,0.10095718034923595,0.0,0.0,0.05687511381506575,0.0,0.0,0.0,0.16630892655744675,0.0,0.20028601907993587,0.0,0.0
316,0.0,0.0,0.0,0.0,0.157556270096463,0.0,0.49142550911039656,0.35101822079314043,0.0,0.0,0.0,0.0,0.0
317,0.0684019698942906,0.0,0.06254654834691942,0.14792450544624197,0.09816465908493613,0.342009849471453,0.0,0.10935008792624688,0.07176099520159952,0.0,0.0,0.09984138462831237,0.0
318,0.08619862382961323,0.0,0.1576395066144678,0.18641113435545195,0.12370489526692587,0.0,0.0,0.1378005210881572,0.09043159196410318,0.0,0.21781372688128076,0.0,0.0
319,0.10492558554888641,0.2004675821462464,0.0,0.15127308346005094,0.07529011482133834,0.0,0.0,0.3354763619590246,0.0,0.0,0.13256727206445326,0.0,0.0
320,0.2851275335387359,0.0,0.0,0.10276835948098609,0.10229766470473729,0.0,0.0,0.0,0.1495646660303637,0.0,0.36024177624517706,0.0,0.0
321,0.4211839183992663,0.0,0.1283764213019813,0.20240944953747972,0.10074119167819601,0.0,0.0,0.0,0.1472890190830768,0.0,0.0,0.0,0.0
322,0.16763866470898228,0.2135235024748555,0.07664413658873705,0.060421911359832575,0.030072584890542625,0.0,0.0,0.13399689185922056,0.0,0.0,0.31770230811782935,0.0,0.0
323,0.08720075839201648,0.05553435832553895,0.0797361020316104,0.06285944239915298,0.06257153655610342,0.0,0.0,0.1394025729396182,0.0,0.2969880901757083,0.0,0.0,0.21570713918025128
324,0.2921242547850643,0.0,0.0,0.0,0.0,0.0,0.0,0.467001359690409,0.0,0.0,0.0,0.0,0.24087438552452672
325,0.11429851646737678,0.07279173812963019,0.10451420766472196,0.0,0.1230235940603063,0.0,0.0,0.18272211816213296,0.11991139004389975,0.0,0.0,0.0,0.282738435471932
326,0.4366780841448308,0.0,0.13309902694427397,0.0,0.1044471753425295,0.0,0.3257757135683658,0.0,0.0,0.0,0.0,0.0,0.0
327,0.21382615865757884,0.13617655090658815,0.19552197386977055,0.0,0.23014876618869173,0.0,0.0,0.0,0.2243265503773707,0.0,0.0,0.0,0.0
328,0.2042730214963049,0.0,0.0,0.1472520246982566,0.21986638191587018,0.0,0.0,0.0,0.4286085718895684,0.0,0.0,0.0,0.0
329,0.21606826564720996,0.06880222551096794,0.09878607476088393,0.0,0.19380168865303182,0.0,0.0,0.172707627303042,0.11333938041762132,0.0,0.13649473770724288,0.0,0.0
330,0.0,0.11712786294908717,0.0,0.0,0.3959100588843954,0.0,0.0,0.29401483964770864,0.1929472385188088,0.0,0.0,0.0,0.0
331,0.0,0.07832856897080587,0.2249279529200573,0.0,0.088254173893824,0.0,0.0,0.0,0.0,0.0,0.0,0.0,0.6084893042153129
332,0.4035795496222402,0.0,0.0,0.0,0.14479571627668159,0.0,0.45162473410107834,0.0,0.0,0.0,0.0,0.0,0.0
333,0.0,0.0,0.0,0.6676860346585117,0.33231396534148827,0.0,0.0,0.0,0.0,0.0,0.0,0.0,0.0
334,0.0,0.25420592672720543,0.0,0.0,0.0,0.49894673916137666,0.0,0.0,0.0,0.0,0.0,0.0,0.24684733411141793
335,0.0,0.09968678177289328,0.0,0.0,0.056159423624729185,0.0,0.0,0.0,0.0,0.0,0.0,0.4569493475055605,0.387204447096817
336,0.0,0.04615400614990596,0.0,0.10448360901420428,0.0520025290666116,0.0,0.16219836446966954,0.3475679238635776,0.07603048334515759,0.0,0.0,0.2115630840908733,0.0
337,0.08581588059981285,0.0,0.15693954817864608,0.18558342276953393,0.09236671117995124,0.0,0.0,0.13718865265956479,0.0,0.0,0.2168465800102798,0.12525920460221132,0.0
338,0.10204702175104494,0.0,0.0,0.0,0.10983687073967432,0.5102351087552247,0.0,0.0,0.0,0.0,0.12893037694352452,0.14895062181053145,0.0
339,0.16035962635156867,0.10212604930248953,0.0,0.0,0.17260081920283343,0.0,0.0,0.0,0.1682344294313332,0.0,0.0,0.0,0.3966790757117751
340,0.0,0.1309054183341983,0.0,0.0,0.11062007488241034,0.0,0.0,0.32859931541033455,0.0,0.0,0.12984972947666445,0.3000254618963924,0.0
341,0.06030536380188749,0.11521756498734602,0.0,0.0,0.02163627556250925,0.30152681900943745,0.404907442669816,0.09640653396900381,0.0,0.0,0.0,0.0,0.0
342,0.0,0.0,0.05536817015082621,0.0,0.04344922054583919,0.30275786656941134,0.0,0.0,0.1270501761496637,0.20622637288061357,0.0,0.26514819370364606,0.0
343,0.0,0.06120152699831218,0.43936504790617115,0.0692741210502368,0.0,0.0,0.43015930404527997,0.0,0.0,0.0,0.0,0.0,0.0
344,0.08819694066014674,0.0,0.0,0.12715509849775758,0.15821588591705713,0.0,0.0,0.14099510921860195,0.18505608084941508,0.3003808848570216,0.0,0.0,0.0
345,0.12288817919339551,0.0,0.0,0.0,0.08817930415403952,0.0,0.0,0.19645389190780915,0.25784573312899955,0.0,0.15526194683036532,0.17937094478539098,0.0
346,0.29359270717223235,0.0,0.08948675251034319,0.07054630489312332,0.07022319204628458,0.0,0.0,0.0,0.0,0.33330573036461164,0.0,0.14284531301340497,0.0
347,0.0,0.08108048172236013,0.05820758318200562,0.0,0.06851610173026922,0.0,0.2849399786242942,0.0,0.3339140374503448,0.0,0.08042660686976046,0.0929152104209655,0.0
348,0.0,0.15538326472059366,0.1487326191488951,0.11725240221247252,0.02917884207730232,0.0,0.18202039581555257,0.13001456843968043,0.0,0.0,0.0,0.23741790758550335,0.0
349,0.0,0.1566026677100947,0.074949914896271,0.059086282602274984,0.058815658407150063,0.0,0.0,0.0,0.1719832868601933,0.0,0.0,0.4785621895240161,0.0
350,0.0,0.0,0.0,0.0,0.19003990781855992,0.0,0.0,0.42338823000393455,0.0,0.0,0.0,0.3865718621775055,0.0
351,0.0,0.0701955081313888,0.10078654669448431,0.23836327454431722,0.03954525572592743,0.5511094149038823,0.0,0.0,0.0,0.0,0.0,0.0,0.0
352,0.0,0.0,0.1639593351840031,0.25851257142508466,0.0643321360950974,0.0,0.0,0.2866499941652299,0.0,0.0,0.22654596313058492,0.0,0.0
353,0.0,0.0,0.13564467411676262,0.10693460505523923,0.10644482823819233,0.0,0.0,0.1185737457415238,0.07781402064287499,0.252613632231942,0.09371150873120428,0.10826298524226084,0.0
354,0.16833105793850317,0.32160811882559553,0.0,0.0,0.12078717134518549,0.0,0.0,0.0,0.17659731524798328,0.0,0.21267633664273253,0.0,0.0
355,0.2124393136849789,0.13529332985357734,0.1942538471438523,0.15313876906739277,0.30487474025019873,0.0,0.0,0.0,0.0,0.0,0.0,0.0,0.0
356,0.0,0.20490422406048261,0.0,0.077310489446133,0.07695639560134156,0.0,0.24003066247085106,0.0,0.0,0.0,0.13550118042709333,0.0,0.2652970479940985
357,0.0,0.10956443435255,0.0,0.12401618489598451,0.0,0.0,0.0,0.0,0.1804878405182632,0.5859315402332023,0.0,0.0,0.0
358,0.0,0.03651048732125358,0.0,0.041326287796142856,0.04113700708867961,0.2866461664157994,0.12830828401469116,0.0,0.24057803252754595,0.0,0.0,0.08367931566175511,0.14181441917413234
359,0.10627962699447317,0.0,0.1943635201844451,0.0,0.11439257562000549,0.0,0.0,0.0,0.2229974316401893,0.36196684556088693,0.0,0.0,0.0
360,0.10982959180299161,0.06994567499648517,0.0,0.07917163826289272,0.11821353010856349,0.0,0.0,0.3511558377374562,0.0,0.0,0.0,0.0,0.2716837270916108
361,0.0,0.07304688741745188,0.20976110083299412,0.08268190630993787,0.0,0.0,0.0,0.1833625949458486,0.0,0.0,0.0,0.16741802147229656,0.283729489021471
362,0.10700741954692408,0.06814835662202481,0.09784725133668155,0.0,0.1919598747597493,0.5350370977346204,0.0,0.0,0.0,0.0,0.0,0.0,0.0
363,0.0,0.2699928458819218,0.0,0.20373693278206365,0.15210283989378492,0.0,0.0,0.22591238124813862,0.148255000194091,0.0,0.0,0.0,0.0
364,0.0,0.0,0.6295050456511293,0.0,0.37049495434887075,0.0,0.0,0.0,0.0,0.0,0.0,0.0,0.0
365,0.0,0.1067380940601404,0.15325430625755568,0.0,0.12026368460516582,0.0,0.3751081591256363,0.0,0.0,0.0,0.0,0.24463575595150192,0.0
366,0.08791940751344139,0.1119840691905622,0.0,0.0,0.031543604222379736,0.0,0.0,0.14055143377999135,0.0,0.2994356632704164,0.11108097185838026,0.0,0.21748485016482869
367,0.0,0.04390311440546245,0.0,0.0,0.09893281963734744,0.3446861535237371,0.0,0.11020577697697717,0.14464508228228254,0.0,0.0870981140624497,0.0,0.1705289391117436
368,0.06531538818339798,0.0831930418596126,0.0,0.14124953579538518,0.04686753045220923,0.32657694091698986,0.0,0.10441575661971784,0.1370456805633797,0.0,0.0,0.0953361256093076,0.0
369,0.220640895404509,0.1405165594039556,0.20175334793797517,0.0,0.15832247456506754,0.0,0.0,0.0,0.0,0.0,0.2787667226884926,0.0,0.0
370,0.4898455299998211,0.10398708179761333,0.0,0.11770316927398565,0.11716407078876129,0.0,0.0,0.0,0.17130014813981845,0.0,0.0,0.0,0.0
