ID,быт,дороги,"заповедники, природоохранные мероприятия",здоровье,коррупция,криминал,мошенничество,психология,строительство,терроризм,туризм,благоустройство территории,"энергия, гэс, аэс","кража, наркотики","поликлиники, больницы, оздоровление",украинские новости,социология,"терроризм, организованная преступность",транспорт,убийства,"жкх, мобильная связь"
0,0.048394321811331235,0.14240168257127353,0.13803839981839328,0.07878503264674594,0.05722377082540783,0.08456618691945937,0.08123899268000523,0.0635330583779528,0.08786486796950921,0.11471246651574811,0.10324121986417333,0.0,0.0,0.0,0.0,0.0,0.0,0.0,0.0,0.0,0.0
1,0.03136575997274935,0.09229465003475672,0.13420002038479947,0.07659428826413832,0.07417676261453889,0.0,0.10530668266260766,0.058825161560614174,0.056947762787403086,0.0,0.0,0.22941813008639528,0.1408707816319971,0.0,0.0,0.0,0.0,0.0,0.0,0.0,0.0
2,0.025811382903596657,0.0,0.0,0.0,0.030520619045361404,0.0451038499885375,0.0,0.04840816134300912,0.04686322002355138,0.0,0.11012856705534577,0.0,0.0,0.13766070881918216,0.2166463614203523,0.3388571294010638,0.0,0.0,0.0,0.0,0.0
3,0.0748504817741618,0.11012484674819208,0.16012582173414003,0.0,0.08850680523873174,0.0,0.0,0.05615157021006717,0.06794937352548022,0.08871168210271027,0.07984051389243926,0.2737389047740774,0.0,0.0,0.0,0.0,0.0,0.0,0.0,0.0,0.0
4,0.0,0.32969727394358417,0.23969634679463922,0.04560200768377079,0.0,0.09789646018120077,0.09404479617407156,0.07354785341818416,0.0,0.0,0.1195152618045493,0.0,0.0,0.0,0.0,0.0,0.0,0.0,0.0,0.0,0.0
5,0.028191867752744425,0.08295538097359278,0.08041357264292559,0.04589582285979378,0.1333416747289159,0.0,0.0,0.021149064160300577,0.051185235068812576,0.0,0.06014265120585478,0.0,0.12661610780179952,0.0,0.0,0.3701086228052601,0.0,0.0,0.0,0.0,0.0
6,0.07268373647568534,0.10693699159641061,0.0,0.0887458022469417,0.08594474151397434,0.0,0.06100667717303425,0.08178917159461735,0.0,0.0,0.0,0.0,0.0,0.0,0.0,0.0,0.5028928793993364,0.0,0.0,0.0,0.0
7,0.0,0.0,0.06066269560854702,0.10386919422957891,0.10059079779893015,0.0,0.0,0.0717953001872584,0.1544532462657332,0.0,0.09074128218111827,0.0,0.19103427827603842,0.2268532054527956,0.0,0.0,0.0,0.0,0.0,0.0,0.0
8,0.02401579820987395,0.0,0.06850188681590787,0.039097261314643764,0.05679486689817766,0.0,0.0806300897275768,0.0360324943104922,0.0872063027195423,0.05692633649747899,0.10246740569546221,0.0,0.0,0.0,0.0,0.0,0.332326721174472,0.11600083663637228,0.0,0.0,0.0
9,0.02823776792946212,0.0,0.0,0.06895582120771672,0.10016907976825358,0.0,0.0,0.04236699539892925,0.05126857155987449,0.13386793685078338,0.06024057158285254,0.4130782051395601,0.0,0.0,0.0,0.0,0.0,0.0,0.10181505056256765,0.0,0.0
10,0.10511855026855832,0.15465717740661453,0.14991837809889097,0.08556549719793619,0.12429722341224447,0.0918441940913001,0.0,0.03942908259157645,0.0,0.24916989693287897,0.0,0.0,0.0,0.0,0.0,0.0,0.0,0.0,0.0,0.0,0.0
11,0.0,0.0,0.0,0.07624008872496252,0.07383374258352798,0.10911266395449698,0.05240985334207806,0.011710626570940519,0.05668441584870145,0.0,0.0,0.22835721813334012,0.0,0.1665104715555605,0.0,0.0,0.0,0.0,0.22514091928639166,0.0,0.0
12,0.0,0.0,0.14388786925283126,0.08212360105209289,0.11929733270615803,0.0,0.0,0.07568607335057352,0.0,0.0,0.21523227109069348,0.0,0.0,0.0,0.0,0.0,0.0,0.0,0.3637728525476509,0.0,0.0
13,0.039892622758440376,0.11738518880644525,0.11378842814663774,0.0,0.047170953469564604,0.0,0.06696728804039827,0.05237185346749096,0.14485831810157074,0.09456029098296978,0.0,0.0,0.17916686712562696,0.0,0.0,0.0,0.0,0.0,0.14383818910085544,0.0,0.0
14,0.0936717198126867,0.0,0.06679654671879609,0.038123943198804126,0.0,0.0,0.07862282056409113,0.06148707762063537,0.0,0.11101833459281385,0.0,0.0,0.0,0.0,0.0,0.0,0.0,0.22622604030233767,0.0,0.32405351718983505,0.0
15,0.026527364811945394,0.0,0.0,0.0,0.03136723044738116,0.09270997121990472,0.04453118289742965,0.05472605077687783,0.0963263176150074,0.0,0.0,0.19402872548165773,0.0,0.1414792789970421,0.22265591448714822,0.0,0.0,0.0,0.09564796326560593,0.0,0.0
16,0.06160695088895735,0.0,0.1757256760732377,0.10029494071588607,0.07284701814121516,0.10765446708241012,0.10341888149228251,0.08087886885934914,0.0,0.0,0.0,0.0,0.0,0.0,0.0,0.0,0.0,0.29757319674666194,0.0,0.0,0.0
17,0.0,0.0,0.1483796084472689,0.12703087305064278,0.06151071528010339,0.09090150073817328,0.087325048250114,0.029268285402510738,0.0,0.0,0.22195116430237313,0.0,0.23363280452881377,0.0,0.0,0.0,0.0,0.0,0.0,0.0,0.0
18,0.0,0.10187118095003328,0.0,0.05636116211543972,0.04093668703303878,0.0,0.05811667372231407,0.058435996105403704,0.0,0.08206289576530458,0.14771321237754828,0.0,0.0,0.0,0.0,0.4545021919309177,0.0,0.0,0.0,0.0,0.0
19,0.1279471395287863,0.0,0.0912380716416972,0.10414775109497391,0.03782271099234329,0.0,0.0,0.05399088085610323,0.0,0.1516410542563393,0.0682384744153527,0.0,0.14365994613758462,0.0,0.0,0.0,0.0,0.0,0.0,0.22131397107681955,0.0
20,0.0476801086151771,0.0,0.034000300293831026,0.03881115359454798,0.0,0.0,0.08004005118351042,0.026826610561506238,0.04328407023221752,0.056509758358728415,0.05085878252285559,0.0,0.0,0.12714695630713893,0.0,0.0,0.32989480555365785,0.0,0.0,0.16494740277682893,0.0
21,0.12425173832433023,0.0,0.08860291089422992,0.15170959464719494,0.0,0.0,0.10428998364271652,0.10486300553086332,0.0,0.1472613194955025,0.0,0.0,0.2790214474651626,0.0,0.0,0.0,0.0,0.0,0.0,0.0,0.0
22,0.04114463749215239,0.0,0.058679817259002856,0.03349134244194281,0.0,0.14379559314663498,0.0,0.04629902065050994,0.07470232055312775,0.0,0.0,0.6018872684566292,0.0,0.0,0.0,0.0,0.0,0.0,0.0,0.0,0.0
23,0.11270225622230307,0.0,0.0,0.0,0.0,0.0,0.18919198421580055,0.06341050020419689,0.10231126805996307,0.0,0.12021573997045662,0.41216825132727974,0.0,0.0,0.0,0.0,0.0,0.0,0.0,0.0,0.0
24,0.058012553508025456,0.0,0.0,0.1416649955299318,0.0,0.0,0.0,0.0870400802816382,0.10532775672379091,0.2750224758898985,0.12376011415045433,0.0,0.0,0.0,0.0,0.0,0.0,0.0,0.20917202391626083,0.0,0.0
25,0.0,0.0,0.0,0.139556209212451,0.12163628950757273,0.05991867276084074,0.0,0.05144665529355703,0.124511851907279,0.08127856999502933,0.07315071299552642,0.0,0.0,0.182876782488816,0.0,0.0,0.0,0.1656242558389277,0.0,0.0,0.0
26,0.020921237938298365,0.12312268763688232,0.0298375315443141,0.0,0.04947655346147234,0.07311722747036697,0.0,0.03923690045570975,0.0,0.0,0.04463197426836985,0.0,0.09396205109130493,0.0,0.17560121023620923,0.27465830318996826,0.0,0.0,0.07543432270710396,0.0,0.0
27,0.050311133848845106,0.0,0.0358764631345525,0.06142917455630054,0.0,0.04395785073482713,0.0,0.047178206100015926,0.04567251867129202,0.0,0.0,0.0,0.22595877658428679,0.13416302359692028,0.0,0.0,0.0,0.0,0.18140352486344152,0.17404932790951821,0.0
28,0.0,0.0,0.05428737746405388,0.12393747859838057,0.045009627042945366,0.0,0.06389891314621425,0.014277779127908678,0.13822105325954145,0.0,0.08120486878998062,0.0,0.34191523701044463,0.0,0.0,0.0,0.0,0.0,0.13724766556053059,0.0,0.0
29,0.0,0.0,0.05046622048586583,0.0,0.0,0.03091701903485637,0.17820367037140167,0.016591001057166516,0.06424600409370863,0.04193836378339313,0.0,0.0,0.0,0.0,0.0,0.0,0.0,0.0,0.0,0.0,0.6176377211736079
30,0.061519718923859865,0.2715353111122091,0.08773842921731546,0.05007646437045509,0.07274387087532622,0.0,0.05163622309674795,0.017306646202756182,0.2233907524043706,0.0,0.0,0.0,0.0,0.16405258379695964,0.0,0.0,0.0,0.0,0.0,0.0,0.0
31,0.05342660580938896,0.0,0.025398720681900785,0.0434887474950829,0.04211612344019576,0.0933598026430278,0.0,0.0100199348624202,0.0,0.0,0.037992253020009935,0.1302591532114626,0.0,0.0,0.14947771680003907,0.0,0.0,0.0,0.0,0.0,0.41446094203647194
32,0.11027871020712833,0.16224913685646467,0.0,0.04488290908271042,0.06519942220098118,0.28905818921185855,0.0,0.09307038399898303,0.0,0.0,0.23526124844187382,0.0,0.0,0.0,0.0,0.0,0.0,0.0,0.0,0.0,0.0
33,0.0,0.08652193216922097,0.0,0.02393452495619149,0.06953725726302286,0.0,0.049360053106375236,0.049631262189377294,0.0,0.0,0.0,0.0,0.13205979120565303,0.0,0.2468002655318762,0.0,0.0,0.0,0.0,0.0,0.3421549135782829
34,0.11196287138590866,0.0,0.15967963829968032,0.09113670929981754,0.0,0.09782421527232975,0.0,0.08399265955983184,0.20328010691342283,0.1326967364573732,0.11942706281163593,0.0,0.0,0.0,0.0,0.0,0.0,0.0,0.0,0.0,0.0
35,0.07885064947118767,0.11601015094611518,0.11245552236559354,0.03209183825854379,0.046618397839778385,0.06889340022055987,0.0,0.036970267883926815,0.07158073143483704,0.0,0.08410735943593352,0.0,0.0,0.21026839858983376,0.0,0.0,0.0,0.0,0.14215328355369045,0.0,0.0
36,0.0,0.0,0.04823046192697505,0.02752740195832121,0.0,0.17728398462577516,0.02838481283899023,0.009513591116364859,0.0,0.04008040701801861,0.0,0.0,0.0,0.09018091579054188,0.28384812838990237,0.0,0.2339829166457303,0.0,0.06096737968938042,0.0,0.0
37,0.022686812107400263,0.06675659654591343,0.12942225959876252,0.055400545941123695,0.05365195288216598,0.0,0.03808409114422602,0.021274080217928454,0.041190240421946585,0.05377614721754136,0.09679706499157448,0.0,0.0,0.0,0.0,0.0,0.0,0.0,0.0,0.1569682134998505,0.2639919954315667
38,0.2938488321366957,0.0,0.2514494741849385,0.0,0.06949219494410541,0.10269665669214212,0.0986561324944185,0.07715415489948113,0.1067025546482186,0.0,0.0,0.0,0.0,0.0,0.0,0.0,0.0,0.0,0.0,0.0,0.0
39,0.04814474012527407,0.0,0.0,0.039189359211669834,0.028464326725335245,0.042065028914915224,0.0404100113838366,0.02708802960894541,0.131117590128406,0.05706043274106556,0.0,0.0,0.0,0.0,0.0,0.0,0.33310955329919356,0.0,0.08679615121176171,0.16655477664959678,0.0
40,0.04177389483629101,0.24584177191012638,0.0,0.0680071038352337,0.0,0.1459947723971399,0.07012535788911801,0.05484162604148973,0.0,0.0,0.0,0.0,0.0,0.22279410579355202,0.0,0.0,0.0,0.0,0.15062136729704928,0.0,0.0
41,0.13986804161548833,0.0,0.09973877062274376,0.17077687752097778,0.0,0.2444110488297953,0.0,0.05246332403452749,0.12697240657292558,0.1657695308035417,0.0,0.0,0.0,0.0,0.0,0.0,0.0,0.0,0.0,0.0,0.0
42,0.0363660512671535,0.0,0.0,0.0,0.0860019318650466,0.0,0.06104727294682816,0.06820299724828788,0.06602630584674678,0.0,0.0,0.0,0.16332823025247883,0.38790454684963727,0.0,0.0,0.0,0.0,0.13112266372382106,0.0,0.0
43,0.033069928130883844,0.19461842762083364,0.14149139166862837,0.08075581813837453,0.039103471600490824,0.11557544848472714,0.0,0.012404251430778408,0.0,0.0,0.14109836002510442,0.24188290290017894,0.0,0.0,0.0,0.0,0.0,0.0,0.0,0.0,0.0
44,0.0,0.0,0.0,0.04263436542296714,0.18579918603496298,0.36610260547503526,0.17584928426915628,0.11787699275185201,0.0,0.0,0.1117375660460264,0.0,0.0,0.0,0.0,0.0,0.0,0.0,0.0,0.0,0.0
45,0.05329398105855324,0.0,0.0,0.06507118831950538,0.03150868164200838,0.0931280488122159,0.04473199721635944,0.03498271577176828,0.0,0.06316323681013718,0.0,0.0,0.11967771185078621,0.0,0.0,0.0,0.0,0.0,0.0,0.18436836690526529,0.31007407161340067
46,0.15259556774729285,0.0,0.10881466669444838,0.12421133654469625,0.18043632953028624,0.0,0.1280802142403507,0.1430932796458131,0.0,0.0,0.16276860559711243,0.0,0.0,0.0,0.0,0.0,0.0,0.0,0.0,0.0,0.0
47,0.05739003232360859,0.0,0.0,0.18685975548291,0.06786073106163418,0.1504284806298,0.1445099830312505,0.021526517618818755,0.052098752747673054,0.06801781608723981,0.12243206895703168,0.0,0.12887586206003332,0.0,0.0,0.0,0.0,0.0,0.0,0.0,0.0
48,0.0,0.0,0.03168756720296718,0.036171181640270965,0.07881642004063659,0.0,0.14919130001134712,0.008333946246055105,0.040339846191011414,0.10533182060986312,0.04739931927443842,0.16251195179807454,0.0,0.0,0.1864891250141839,0.0,0.0,0.0,0.0,0.1537275219711516,0.0
49,0.09573349327074883,0.0,0.09102237428899425,0.10390153376708723,0.11319988118850666,0.1115257077465834,0.05356890552417858,0.041893631243267865,0.0,0.07564127863367809,0.0,0.0,0.14332031741117954,0.17019287692577567,0.0,0.0,0.0,0.0,0.0,0.0,0.0
50,0.04902952964486759,0.0,0.06992512305897551,0.03990956944065534,0.05797487108122911,0.08567617466952972,0.24691592634267748,0.0919528175024623,0.0,0.0,0.0,0.35861598825960295,0.0,0.0,0.0,0.0,0.0,0.0,0.0,0.0,0.0
51,0.10555496222219468,0.0,0.07527039088825026,0.08592073236528408,0.24962651574024794,0.18445099200601942,0.0,0.10888013685630046,0.0,0.0,0.0,0.0,0.0,0.0,0.0,0.0,0.0,0.0,0.1902962699217031,0.0,0.0
52,0.06589681736844918,0.0,0.0,0.02681969037571223,0.0,0.0,0.05531011556171472,0.09269002882595052,0.0,0.15619986339187955,0.0,0.0,0.44393645385060504,0.0,0.0,0.0,0.0,0.1591470306256886,0.0,0.0,0.0
53,0.06143771083907183,0.0,0.0,0.0,0.21794070172936328,0.21471746040685855,0.0,0.17283575796486145,0.1115464820907971,0.0,0.0,0.0,0.0,0.0,0.0,0.0,0.0,0.0,0.22152188696904773,0.0,0.0
54,0.04768253403520167,0.14030722658634054,0.2040121790475481,0.07762625572662403,0.05638211876679735,0.0,0.0,0.07154126718248573,0.08657254406391225,0.0,0.10172273927509691,0.0,0.21415313531599345,0.0,0.0,0.0,0.0,0.0,0.0,0.0,0.0
55,0.05479504998893316,0.0,0.15629563005199879,0.1338079440111309,0.0647922992940734,0.0,0.367935286483066,0.09248922723406741,0.0,0.12988456293673045,0.0,0.0,0.0,0.0,0.0,0.0,0.0,0.0,0.0,0.0,0.0
56,0.01593177760413275,0.0,0.0,0.02593662999464537,0.03767699830630932,0.055679659613078275,0.0,0.020915564444399917,0.028925780614595633,0.0,0.06797558444429974,0.0,0.0,0.08496948055537466,0.26744492240380224,0.20915564444399917,0.0,0.0,0.0,0.0,0.18538795757536292
57,0.0494365671849595,0.14546851953275441,0.07050563342256064,0.08048178823115824,0.0,0.08638744845972446,0.0829885980285222,0.1112594391151616,0.08975717162659316,0.0,0.10546467666124695,0.0,0.0,0.0,0.0,0.0,0.0,0.0,0.17825015773731878,0.0,0.0
58,0.0,0.0,0.0,0.14744509607006542,0.053546746782951,0.0,0.07601882412136979,0.050957673312127,0.08221894098233258,0.0,0.38642902261696316,0.0,0.20338369611419108,0.0,0.0,0.0,0.0,0.0,0.0,0.0,0.0
59,0.0415892340780045,0.0,0.11862778745369529,0.033853239821841505,0.049177108193852896,0.0,0.0,0.031199542634341836,0.0,0.0,0.08872369936640961,0.0,0.0,0.0,0.3490768499662017,0.0,0.0,0.0,0.0,0.28775253848565274,0.0
60,0.0,0.19567127052276617,0.14225682898730357,0.05412845957227554,0.03931501278402,0.0,0.16744328395554747,0.018707033555473252,0.12073333713106851,0.0,0.14186167112900552,0.0,0.0,0.0,0.0,0.0,0.0,0.0,0.11988310236253985,0.0,0.0
61,0.0,0.0,0.0,0.03830515289067284,0.11128841186250908,0.08223188112024989,0.07899652842043678,0.052953716853259815,0.08543950768877027,0.22309204785401124,0.10039142153430508,0.0,0.0,0.0,0.0,0.0,0.0,0.22730133177578504,0.0,0.0,0.0
62,0.26211510056981613,0.15425624309396074,0.0747648643408055,0.12801551493648253,0.0,0.0,0.0,0.07865373274241515,0.19035876807339838,0.0,0.11183577624312156,0.0,0.0,0.0,0.0,0.0,0.0,0.0,0.0,0.0,0.0
63,0.38748911410853765,0.0,0.18421023809059542,0.0,0.0,0.0,0.0,0.19379186952241395,0.23450877827845307,0.0,0.0,0.0,0.0,0.0,0.0,0.0,0.0,0.0,0.0,0.0,0.0
64,0.06703291455166213,0.0986231386507213,0.0,0.0,0.0396314691113753,0.0,0.0,0.03142935187770239,0.06085257491214719,0.0,0.0,0.0,0.1505300537300483,0.0,0.0,0.0,0.0,0.1618908125021274,0.0,0.0,0.39000968466421604
65,0.06448059951220797,0.0,0.04598059463823187,0.026243296462838222,0.0,0.0,0.0,0.04232572685929549,0.05853557969902568,0.07642145127372796,0.0,0.0,0.14479853925548455,0.0,0.5412142122991883,0.0,0.0,0.0,0.0,0.0,0.0
66,0.036606291076905245,0.10771506339870968,0.0,0.029797171750994413,0.04328503702396186,0.06396730727431907,0.1229011215172163,0.0892496239589309,0.0,0.0,0.07809342096406453,0.0,0.1644072020296095,0.0,0.0,0.0,0.0,0.0,0.2639777610052885,0.0,0.0
67,0.1292224311770038,0.12674690567552863,0.18429494362848453,0.0,0.050932936691782865,0.0,0.07230807077882617,0.024235122623672507,0.0,0.2042033480327961,0.0,0.0,0.0,0.0,0.0,0.0,0.0,0.20805624139190548,0.0,0.0,0.0
68,0.11945097355570336,0.35148792218689723,0.08517952431827315,0.09723195303739289,0.0,0.0,0.0,0.078408844180154,0.0,0.0,0.0,0.0,0.2682407827215795,0.0,0.0,0.0,0.0,0.0,0.0,0.0,0.0
69,0.050328139270404124,0.0,0.07177717912659307,0.02048331264423443,0.059510409483711106,0.0,0.16897053971440595,0.042474737318319085,0.09137591243420891,0.11929633012243938,0.10736669711019547,0.0,0.0,0.2684167427754886,0.0,0.0,0.0,0.0,0.0,0.0,0.0
70,0.07757998250553945,0.2282813278323919,0.0553216588340337,0.06314936572787949,0.04586714901020346,0.0,0.06511631318497736,0.050924296208764354,0.0,0.0,0.0,0.0,0.0,0.4137599066962103,0.0,0.0,0.0,0.0,0.0,0.0,0.0
71,0.0942369230487587,0.1386474270142657,0.13439917716146088,0.0,0.1114302646673544,0.0,0.0,0.053021213847213686,0.25664523723917265,0.0,0.0,0.0,0.2116197570217739,0.0,0.0,0.0,0.0,0.0,0.0,0.0,0.0
72,0.06237418417652142,0.0,0.044478526877965135,0.05077199093541967,0.03687711581798957,0.0,0.0,0.03509404648173513,0.0,0.07392495902402538,0.06653246312162286,0.22811130213127834,0.14006834341394284,0.0,0.2617670680194997,0.0,0.0,0.0,0.0,0.0,0.0
73,0.029623856142611555,0.0,0.08449813005580567,0.04822707263916413,0.0,0.0,0.0,0.038890806012864404,0.0,0.0,0.0,0.21667734778595882,0.2660949885090722,0.31598779885452327,0.0,0.0,0.0,0.0,0.0,0.0,0.0
74,0.045812215346880014,0.0,0.0,0.0,0.10834112821063542,0.08005411009420671,0.0,0.11169454408382176,0.0,0.0,0.09773272607334405,0.33508363225146526,0.0,0.0,0.0,0.0,0.0,0.22128164393964686,0.0,0.0,0.0
75,0.0,0.14487285296863034,0.0,0.0,0.029108402328570065,0.043016853953142795,0.04132438756810111,0.03693461746013433,0.08938963268277192,0.05835156577903166,0.0,0.18005626011815484,0.0,0.0,0.20662193784050556,0.0,0.0,0.0,0.0,0.1703234893009573,0.0
76,0.07761058902711995,0.0,0.027671742048666723,0.01579356978612298,0.0,0.10171490166011624,0.06514200259325478,0.025472193321721417,0.03522750140238069,0.0,0.0,0.0,0.08714171399536275,0.0,0.0,0.0,0.2684906863640906,0.0,0.06995884081317855,0.0,0.2257762589879853
77,0.05770226643775152,0.0,0.041147020078173786,0.046969094461254024,0.10234489751545763,0.0,0.0,0.05410908501122487,0.15714659795813182,0.06838787133363143,0.0615490842002683,0.21102543154377698,0.0,0.0,0.0,0.0,0.0,0.0,0.0,0.1996186514603296,0.0
78,0.06574224727730454,0.09672422587925264,0.04688026546793861,0.026756781085834597,0.03886839561891446,0.0,0.11036075608518008,0.030824203851629966,0.05968090532975164,0.0,0.0701250637624582,0.0,0.29526342636824493,0.0,0.0,0.0,0.0,0.1587737292734902,0.0,0.0,0.0
79,0.1593771839492282,0.0,0.11365058242619058,0.06486575372178445,0.18845523829562316,0.139251054918097,0.0,0.1643978571432332,0.0,0.0,0.17000232954584343,0.0,0.0,0.0,0.0,0.0,0.0,0.0,0.0,0.0,0.0
80,0.05340894489878702,0.0,0.07617097434033135,0.0,0.0631533020512216,0.0,0.08965698291206214,0.12019947159639101,0.0,0.0,0.22787816490149132,0.0,0.0,0.0,0.0,0.0,0.0,0.0,0.0,0.3695321592997156,0.0
81,0.0,0.0,0.07818498755315577,0.08924772824032726,0.1620577975264603,0.04789831148734287,0.09202757551338663,0.025703672647969713,0.04976668533968604,0.06497317252681233,0.0,0.20048864665416374,0.0,0.0,0.0,0.0,0.0,0.0,0.0,0.18965142251069544,0.0
82,0.0,0.0,0.0,0.0,0.37167036297208045,0.2746301487489946,0.0,0.35369948827892495,0.0,0.0,0.0,0.0,0.0,0.0,0.0,0.0,0.0,0.0,0.0,0.0,0.0
83,0.0,0.07815497856555047,0.0,0.04323995634469247,0.03140638861525585,0.04641285416520744,0.0,0.01494391897846789,0.0,0.0,0.0566623594600241,0.0,0.0,0.2833117973001204,0.44586774657068134,0.0,0.0,0.0,0.0,0.0,0.0
84,0.052298138484250266,0.15388877530997777,0.07458676017809508,0.0638552787852213,0.06183983118691948,0.13708181008841025,0.08779228493093814,0.009808295569207376,0.0,0.12396595788859321,0.0,0.0,0.23488286757838714,0.0,0.0,0.0,0.0,0.0,0.0,0.0,0.0
85,0.06826642951818775,0.0,0.0973604788671647,0.01852274081256605,0.026907168524489707,0.07952767215770677,0.0,0.01707077504923669,0.0,0.10787781454725964,0.048545016546266855,0.0,0.10220003483424599,0.2427250827313342,0.1909967864115417,0.0,0.0,0.0,0.0,0.0,0.0
86,0.03653235469947763,0.0,0.05210185405607952,0.08921096473513138,0.0,0.1276762157415191,0.0,0.08221787079618702,0.13265649366051452,0.0,0.0,0.0,0.0,0.0,0.0,0.47960424631109094,0.0,0.0,0.0,0.0,0.0
87,0.025415909964090485,0.1495740908231532,0.03624776017162765,0.020688308269657122,0.0,0.13323835394144362,0.08533079279747101,0.023833234252040893,0.046145198232674926,0.0,0.05422060792339305,0.0,0.0,0.0,0.0,0.3336652795285725,0.0,0.0,0.09164046409587555,0.0,0.0
88,0.09275144084305792,0.0,0.0,0.07549878809482616,0.0,0.0,0.15570077938244475,0.12176599413242475,0.0,0.21985526718354467,0.0,0.0,0.0,0.0,0.0,0.0,0.0,0.0,0.33442773036370177,0.0,0.0
89,0.11436138317376769,0.16825582811772719,0.08155017853059757,0.04654453750792453,0.06761319651844001,0.0,0.09598857079503124,0.06434398701644951,0.10381742585987423,0.13553941709483577,0.12198547538535223,0.0,0.0,0.0,0.0,0.0,0.0,0.0,0.0,0.0,0.0
90,0.0,0.0,0.02851618595853813,0.048826601394826016,0.09457100008420498,0.13975850865686265,0.0,0.0149997227239783,0.07260504084478858,0.04739495721812587,0.042655461496313295,0.0,0.08980097157118586,0.0,0.0,0.0,0.2766840745706808,0.0,0.14418747548049562,0.0,0.0
91,0.0,0.0,0.036525624113605715,0.06254069502440913,0.030283369646153465,0.044753239101653415,0.0,0.02401593233843306,0.04649893282547678,0.0,0.054636246069935224,0.18732427223977785,0.0,0.0,0.0,0.3362230527380628,0.0,0.0,0.0,0.17719863590249257,0.0
92,0.05247309543699969,0.0,0.0,0.021356299573723245,0.031023354346124528,0.0,0.04404299157990794,0.03444387803044082,0.04763515046763093,0.06219033533274037,0.0,0.0,0.23566863915564773,0.0,0.0,0.3444387803044082,0.0,0.1267274757723766,0.0,0.0,0.0
93,0.0,0.0,0.0,0.19055234170874136,0.18453798758244544,0.0,0.1309917190544244,0.16098066572439337,0.0,0.0,0.3329372859299954,0.0,0.0,0.0,0.0,0.0,0.0,0.0,0.0,0.0,0.0
94,0.0,0.0,0.0,0.15145158466163774,0.0733356787930486,0.3251298523964851,0.0,0.05815814820034807,0.11260407417514202,0.1470108746175465,0.1323097871557919,0.0,0.0,0.0,0.0,0.0,0.0,0.0,0.0,0.0,0.0
95,0.05479424145846156,0.16123363003869148,0.0,0.08920397973523791,0.0,0.09574966425505911,0.18396492869988407,0.051382145836506084,0.0,0.12988264642005704,0.23378876355610273,0.0,0.0,0.0,0.0,0.0,0.0,0.0,0.0,0.0,0.0
96,0.10131094137217816,0.0,0.24081337967760083,0.05497742658458423,0.07986328249816046,0.11802321270205966,0.0,0.038000880573300526,0.06131347752075086,0.0,0.07204333608688226,0.0,0.0,0.0,0.0,0.0,0.0,0.0,0.0,0.233654062984483,0.0
97,0.07285988587382985,0.0,0.0,0.059307252094437025,0.2584590870720615,0.12731829886484944,0.0,0.13664564676703622,0.0,0.34540982932778597,0.0,0.0,0.0,0.0,0.0,0.0,0.0,0.0,0.0,0.0,0.0
98,0.024704050300591453,0.0,0.07046503484068424,0.0402177225879263,0.058422511565371,0.08633770480479742,0.0,0.05096454626114691,0.04485274380816604,0.058557748860661216,0.052701973974595105,0.0,0.0,0.0,0.0,0.0,0.3418506419973736,0.0,0.0,0.1709253209986868,0.0
99,0.381174828046329,0.0,0.1359063453758499,0.07756816850545328,0.0,0.0,0.0,0.23233513328538152,0.17301552478698623,0.0,0.0,0.0,0.0,0.0,0.0,0.0,0.0,0.0,0.0,0.0,0.0
100,0.0,0.0,0.0,0.04952727642601733,0.035973044886795494,0.05316153049823361,0.10213985859660622,0.051350533305436645,0.0,0.07211263164806689,0.06490136848326022,0.0,0.13663445996475831,0.324506842416301,0.0,0.0,0.0,0.0,0.10969245377452429,0.0,0.0
101,0.037157196284964666,0.21867223560806792,0.1589789790911023,0.0,0.0,0.0,0.06237535900951446,0.06968675640257109,0.0,0.08807631711991624,0.0,0.0,0.16688144296405183,0.19817171351981153,0.0,0.0,0.0,0.0,0.0,0.0,0.0
102,0.13380189810396353,0.0,0.03816522107477958,0.043565387490765876,0.031642758350683295,0.046762165071146305,0.13476702654930361,0.0401503717680465,0.0,0.0,0.057088809857691124,0.0,0.12018696812145496,0.0,0.22461171091550602,0.0,0.0,0.12925768269665913,0.0,0.0,0.0
103,0.0,0.06926831378674803,0.0,0.038323327818423396,0.22268243138834468,0.04113544914298347,0.03951700524227592,0.05297884219294135,0.04274002340033389,0.0,0.0,0.0,0.10572532104293118,0.0,0.0,0.0,0.0,0.11370459055560525,0.0,0.0,0.27392469542941267
104,0.0,0.08544970188741335,0.04141573294821706,0.011818957176796442,0.05150663323929533,0.02537243707919782,0.0,0.016338734207043872,0.0,0.0,0.06195103386837469,0.0,0.06521161459828913,0.0,0.0,0.0,0.401844544011079,0.07013324588872605,0.0,0.0,0.1689573650955673
105,0.10191133766165714,0.0,0.0,0.08295485672936162,0.06025243058056404,0.0,0.17107739305825723,0.09556521040800083,0.0,0.12078380759900105,0.0,0.0,0.0,0.0,0.0,0.0,0.0,0.0,0.36745496396315813,0.0,0.0
106,0.04241899607398948,0.0,0.06049728687989586,0.034528658171514494,0.050158258637142294,0.07412466208151063,0.0,0.039777520127990136,0.0,0.0,0.0,0.0,0.0,0.0,0.0,0.0,0.0,0.20489175462153408,0.0,0.0,0.49360286340642306
107,0.06612035484921427,0.0,0.09429978184623318,0.02691066906422712,0.0,0.05777068546552511,0.11099548092720561,0.03100148505750706,0.0,0.0,0.14105675701165715,0.0,0.0,0.3526418925291428,0.0,0.0,0.0,0.0,0.11920289324928772,0.0,0.0
108,0.02511668040198767,0.0,0.0,0.06133421478132442,0.02969916943606856,0.17555959543778413,0.08432616633323074,0.023552638032633126,0.04560191619084287,0.059535835026933735,0.05358225152424038,0.0,0.0,0.2679112576212018,0.0,0.0,0.0,0.0,0.0,0.17378027521375256,0.0
109,0.046928936624000286,0.06904487227439123,0.0,0.019099853379561323,0.05549102898727055,0.04100275691380229,0.03938953369096417,0.008801324377834485,0.12780646569940504,0.055619480443259595,0.05005753239893365,0.17162582536777246,0.10538427873459713,0.1251438309973341,0.0,0.0,0.0,0.0,0.08460428011087374,0.0,0.0
110,0.059517000554562466,0.0,0.0,0.048446270721678834,0.0,0.0,0.19982101169794086,0.06697297644821096,0.21611847009883678,0.28215466929570354,0.12696960118306663,0.0,0.0,0.0,0.0,0.0,0.0,0.0,0.0,0.0,0.0
111,0.032920978018103966,0.09687092382338637,0.04695136697846582,0.10718944830059925,0.0,0.0,0.11052813603455233,0.04321933524428008,0.05977142108251501,0.15606982171545583,0.0,0.0,0.0,0.0,0.0,0.0,0.0,0.0,0.11870099116386783,0.2277775776387734,0.0
112,0.0425372756721965,0.12516715600094602,0.060665975331934845,0.03462493663619175,0.0502981181158536,0.0,0.21422050961473388,0.0638214949279549,0.1544615967671249,0.10082909788965096,0.0,0.0,0.0,0.0,0.0,0.0,0.0,0.0,0.15337383904341273,0.0,0.0
113,0.04761515347628312,0.0,0.06790796261798594,0.1162748421932764,0.0,0.0,0.07993101173723592,0.0893002145782306,0.08645020772998921,0.11286554898081923,0.0,0.0,0.0,0.0,0.3996550586861796,0.0,0.0,0.0,0.0,0.0,0.0
114,0.0,0.2101696022409496,0.025466233140616457,0.04360434513902055,0.02111403625284367,0.062405308515230774,0.08992502653260304,0.013395425197774811,0.03241977906908266,0.0,0.038093240406172124,0.0,0.16039259118388258,0.09523310101543028,0.0,0.0,0.0,0.0,0.0,0.0,0.20778131130639338
115,0.06409450161100949,0.0,0.0,0.10434462583413946,0.0,0.11200131339534765,0.21518940868745481,0.08414457647394066,0.11637015895332221,0.30385541504478575,0.0,0.0,0.0,0.0,0.0,0.0,0.0,0.0,0.0,0.0,0.0
116,0.0572593680260753,0.08424366790043263,0.0,0.13982573813680707,0.0,0.0,0.048060322015328776,0.048324389718709705,0.10396027102606581,0.0,0.12215331845562732,0.0,0.0,0.0,0.0,0.0,0.39617292472095345,0.0,0.0,0.0,0.0
117,0.0,0.062311624632912066,0.030201177398681615,0.0,0.025039775256643648,0.03700417299019351,0.0710965422041095,0.035743591272945165,0.0,0.0,0.0,0.1548888955160957,0.0,0.11293981964715312,0.17774135551027379,0.0,0.2930330455709919,0.0,0.0,0.0,0.0
118,0.0,0.0,0.0,0.07036972447791208,0.05111149734019249,0.0755333732024005,0.07256156835509295,0.056746867559752175,0.07847971045497643,0.0,0.09221365978459731,0.0,0.0,0.0,0.0,0.0,0.0,0.0,0.0,0.0,0.5029835988250762
119,0.0,0.0,0.10588627338359181,0.12086859187506983,0.08779023590002184,0.0,0.3739000538823882,0.15316662768930553,0.0,0.0,0.1583882172696228,0.0,0.0,0.0,0.0,0.0,0.0,0.0,0.0,0.0,0.0
120,0.023756436383268364,0.06990399671398506,0.0,0.058012537813513836,0.22472601253087116,0.12453886103993243,0.03987965714174886,0.017821678283125864,0.0,0.11262310581697593,0.0,0.0,0.0,0.0,0.0,0.0,0.32873771427657844,0.0,0.0,0.0,0.0
121,0.0,0.0,0.0,0.0,0.04834335775300876,0.0,0.1372634354560839,0.06134116895839646,0.0742293400959319,0.09691052734746664,0.0,0.2990381986721828,0.0,0.0,0.0,0.0,0.0,0.0,0.0,0.2828739717169297,0.0
122,0.033361420274229364,0.09816693781842203,0.04757951860837169,0.027155877870278913,0.11834443773952953,0.05829708935291957,0.11200686675675695,0.056311144550787146,0.060571089292217856,0.0,0.0,0.0,0.0,0.0,0.0,0.0,0.0,0.0,0.0,0.0,0.38820561773648715
123,0.05847662548347816,0.17206915084793573,0.041699209258413396,0.0,0.03457278550524344,0.0510922052005816,0.09816404015587153,0.07128579106557338,0.10617032711893909,0.06930563020264079,0.0,0.0,0.0,0.15593766795594174,0.0,0.0,0.0,0.1412265672053812,0.0,0.0,0.0
124,0.028793448942110972,0.08472555091011964,0.041064751694598375,0.023437592779587946,0.06809351435732479,0.0,0.09667046464498896,0.03240054034804575,0.0,0.0,0.06142602440983675,0.21060351226229737,0.0,0.15356506102459183,0.0,0.0,0.0,0.0,0.0,0.19921953862649755,0.0
125,0.0,0.0,0.04576072183956978,0.026117804674730606,0.0,0.0,0.05386262013247722,0.036105712396495716,0.0,0.07605601453891458,0.13690082617004629,0.0,0.144106132810575,0.1711260327125578,0.0,0.0,0.0,0.309964134724633,0.0,0.0,0.0
126,0.0,0.0,0.0,0.08682690778384251,0.0,0.18639633104449468,0.17906270490503914,0.04001034798244465,0.09683355495751232,0.1264215856389744,0.0,0.0,0.0,0.2844485676876924,0.0,0.0,0.0,0.0,0.0,0.0,0.0
127,0.0,0.0719504653824116,0.06974585502250483,0.019903626353799074,0.08673936011459316,0.042728262718565245,0.0,0.013757561512680897,0.08878993600382708,0.0,0.05216408740224841,0.0,0.0,0.260820437011242,0.2052357537137642,0.0,0.0,0.0,0.0881646547643635,0.0,0.0
128,0.04258434521418385,0.12530565948081684,0.0,0.0,0.050353775403376745,0.0744135998281984,0.0,0.039932572801579,0.1546325159550506,0.0,0.0,0.0,0.0,0.0,0.0,0.0,0.0,0.20569042216662387,0.30708710915017084,0.0,0.0
129,0.2666096265583453,0.3922532436720483,0.0,0.10850884642120255,0.1576260147781441,0.0,0.0,0.07500226857025978,0.0,0.0,0.0,0.0,0.0,0.0,0.0,0.0,0.0,0.0,0.0,0.0,0.0
130,0.0436894817996491,0.12855755564034677,0.0,0.10668846429930208,0.10332108397884682,0.07634476000484756,0.1466820634847235,0.04096889135791271,0.0,0.0,0.0,0.0,0.19621942703000295,0.0,0.0,0.0,0.0,0.0,0.1575282724043686,0.0,0.0
131,0.0,0.1513941668725527,0.0733776741944963,0.08376020679117384,0.06083737883562164,0.0,0.0,0.08684368693128847,0.0,0.0,0.10976077098260073,0.0,0.0,0.0,0.0,0.0,0.0,0.24851495316815253,0.18551116222411387,0.0,0.0
132,0.05281094463278072,0.0,0.037659058011119406,0.021493802585042715,0.03122309890529299,0.0,0.04432656336390776,0.02971341060657553,0.0,0.0,0.0,0.3862743378854818,0.11859299847361285,0.0,0.0,0.0,0.0,0.0,0.09520846356332299,0.18269732197286306,0.0
133,0.05038804071589109,0.0,0.2155878288011385,0.04101538449369832,0.0,0.0,0.08458582572634833,0.04725032389475502,0.09148466966856823,0.0,0.0,0.0,0.22630418286435297,0.0,0.0,0.0,0.0,0.24338374383524755,0.0,0.0,0.0
134,0.28958989182402195,0.0,0.0,0.1571489397073654,0.22828333273887488,0.0,0.16204374274743086,0.16293409298230688,0.0,0.0,0.0,0.0,0.0,0.0,0.0,0.0,0.0,0.0,0.0,0.0,0.0
135,0.06657146070323633,0.0,0.0,0.10837706798110334,0.0,0.0,0.11175274714772787,0.11236677323095713,0.12086733290800356,0.0,0.0,0.0,0.0,0.0,0.0,0.0,0.0,0.0,0.4800646180289718,0.0,0.0
136,0.0,0.0,0.0,0.13509337890340203,0.13082946163239395,0.09667091618912386,0.0,0.07262712421388023,0.10044176752983439,0.0,0.0,0.0,0.0,0.0,0.46433735153136546,0.0,0.0,0.0,0.0,0.0,0.0
137,0.05592479357570455,0.1645603121308088,0.15951807415465588,0.09104449701354764,0.06612816238050977,0.0,0.18776061843121788,0.07341921618143776,0.0,0.0,0.0,0.0,0.0,0.0,0.0,0.0,0.0,0.0,0.2016443261321178,0.0,0.0
138,0.3636919310145474,0.0,0.0,0.14802088130321803,0.0,0.3177649636168059,0.0,0.1705222240654288,0.0,0.0,0.0,0.0,0.0,0.0,0.0,0.0,0.0,0.0,0.0,0.0,0.0
139,0.0,0.0,0.06052669524448578,0.06909088582756882,0.10036528218369697,0.07416069485587165,0.0,0.055715598955821524,0.0,0.0,0.18107569660642,0.0,0.0,0.0,0.0,0.0,0.0,0.0,0.45906514632613526,0.0,0.0
140,0.0,0.0,0.0,0.06774968292940799,0.09841697589514461,0.0,0.0,0.20292643125046486,0.45334628258082577,0.0,0.17756062734415676,0.0,0.0,0.0,0.0,0.0,0.0,0.0,0.0,0.0,0.0
141,0.0,0.0,0.0,0.10825129296906244,0.0,0.11619464723129738,0.1116230545533447,0.1247070755998906,0.0,0.1576158872165284,0.1418542984948756,0.0,0.0,0.0,0.0,0.0,0.0,0.0,0.23975374393500096,0.0,0.0
142,0.05024009015364043,0.0,0.0,0.0204474770736597,0.059406295978438564,0.0,0.0,0.04240042773406137,0.0,0.059543810552462724,0.0,0.0,0.0,0.0,0.0,0.3297811045982551,0.34760711025221486,0.0,0.09057368365726726,0.0,0.0
143,0.040902144389456,0.18053360282242645,0.0,0.01664697768473885,0.0,0.0,0.03433098020885487,0.0191775622045801,0.0,0.0,0.04362895401541974,0.0,0.0,0.0,0.0,0.0,0.2829986206405604,0.09878253739340316,0.0,0.2829986206405604,0.0
144,0.035196824240350644,0.0,0.0,0.11459951676349463,0.0,0.0,0.0,0.03960609672760336,0.06390345393992741,0.3337180372418431,0.22525967513824416,0.0,0.0,0.18771639594853676,0.0,0.0,0.0,0.0,0.0,0.0,0.0
145,0.04565108002284442,0.0,0.06510683279024052,0.11147863102557873,0.05398002995772827,0.0,0.0766339441694962,0.05993167428640088,0.16576846079217267,0.2164199349231143,0.0,0.0,0.20502941203242406,0.0,0.0,0.0,0.0,0.0,0.0,0.0,0.0
146,0.060627759218824046,0.0,0.04323316534824222,0.0740256265183734,0.14337834974613353,0.05297169406149815,0.05088756183612773,0.034111442549492214,0.0,0.0,0.0,0.22172437657169936,0.0,0.0,0.0,0.0,0.0,0.0,0.109300749014218,0.2097392751353913,0.0
147,0.0,0.0,0.0,0.1456801355104585,0.10581155339039076,0.0,0.0,0.23495591086173948,0.0,0.0,0.19090167757516335,0.0,0.0,0.0,0.0,0.0,0.0,0.0,0.32265072266224787,0.0,0.0
148,0.0800532282439272,0.07851964149595925,0.03805687359414181,0.04344170944450528,0.0,0.0,0.0,0.04504093720977003,0.09689657886735398,0.0,0.0,0.0,0.1198457685990957,0.0,0.0,0.0,0.36925453027829486,0.12889073226695197,0.0,0.0,0.0
149,0.028024429809263906,0.0824626900134662,0.039967989031596436,0.045623237082172086,0.0,0.0,0.0,0.021023455036400178,0.10176246852725618,0.06642827806640333,0.0,0.0,0.12586410581002735,0.0,0.0,0.0,0.38779751519846273,0.0,0.10104583142495155,0.0,0.0
150,0.08228086934707213,0.0,0.03911588217799529,0.08930112370047892,0.0,0.0,0.04604131705541085,0.02571905073608115,0.0,0.0,0.0,0.20060859574143297,0.0,0.0,0.0,0.0,0.0,0.0,0.1977831225619762,0.0,0.3191500386795525
151,0.1804007471221817,0.0,0.10291385239727803,0.02936889746472402,0.04266290185984158,0.06304790616147238,0.0605673328042997,0.040600080231453645,0.1310144433000809,0.08552331715421947,0.0,0.26390052150444865,0.0,0.0,0.0,0.0,0.0,0.0,0.0,0.0,0.0
152,0.0,0.0,0.0,0.04612932887956098,0.06701004125922368,0.0,0.09513228808276672,0.07439832785959961,0.0,0.0,0.1208972827718494,0.0,0.0,0.0,0.0,0.0,0.0,0.0,0.20433343567073134,0.39209929547626826,0.0
153,0.0,0.12517093709050547,0.060667807949158645,0.06925196519474708,0.0,0.0,0.07140899361884576,0.08775720644367309,0.0,0.0,0.09074892939061649,0.0,0.0,0.0,0.0,0.0,0.0,0.0,0.0,0.0,0.4949941603124535
154,0.0,0.0,0.3685726397135613,0.2103618086759436,0.0,0.0,0.0,0.14540393149139397,0.0,0.0,0.2756616201191011,0.0,0.0,0.0,0.0,0.0,0.0,0.0,0.0,0.0,0.0
155,0.08380198965643082,0.36988464400079807,0.059758521871995235,0.06821402019728551,0.0,0.14643897168632278,0.0,0.03143342029603852,0.0,0.0,0.08938878896685955,0.0,0.0,0.0,0.0,0.0,0.0,0.0,0.15107964332426965,0.0,0.0
156,0.02327553556147498,0.0,0.06639038555696485,0.01894606392285404,0.027522111333660948,0.08134521643327776,0.07814474890147666,0.021826143237134048,0.0845182567906042,0.16551491954826653,0.09930895172895994,0.0,0.20907147732412615,0.1241361896611999,0.0,0.0,0.0,0.0,0.0,0.0,0.0
157,0.0,0.0,0.04274059807453559,0.0731822323152223,0.07087240050234771,0.052368173067434395,0.0,0.022481867705140334,0.10882180644509418,0.14207291396998406,0.12786562257298567,0.0,0.0,0.0,0.25153892965177505,0.0,0.0,0.0,0.10805545569548082,0.0,0.0
158,0.15645079940947318,0.0,0.0,0.025469891668569247,0.07399797625648985,0.05467768552740633,0.0,0.058683376774835365,0.056810503047978925,0.0741692678681947,0.06675234108137523,0.0,0.0,0.0,0.0,0.0,0.43298815836567717,0.0,0.0,0.0,0.0
159,0.0,0.0,0.0,0.04465151226594968,0.19458984675715246,0.0,0.0,0.11316623200296917,0.0,0.0,0.0,0.4012257316468906,0.2463666773270381,0.0,0.0,0.0,0.0,0.0,0.0,0.0,0.0
160,0.0,0.0,0.0,0.0,0.10696225386913398,0.15807049803868606,0.0,0.13572060344420517,0.0,0.0,0.19297773302222926,0.0,0.4062689116257457,0.0,0.0,0.0,0.0,0.0,0.0,0.0,0.0
161,0.0,0.0,0.2284359050286363,0.03259478931052481,0.04734901264739055,0.06997311425365224,0.13444014738570562,0.06007947978408823,0.0,0.0,0.0,0.0,0.0,0.4271275515900022,0.0,0.0,0.0,0.0,0.0,0.0,0.0
162,0.09600224576873119,0.28248936685971476,0.13691685190415145,0.0,0.34055300115651516,0.0,0.0,0.14403853431088753,0.0,0.0,0.0,0.0,0.0,0.0,0.0,0.0,0.0,0.0,0.0,0.0,0.0
163,0.09205913167142306,0.0,0.13129324628347802,0.2997410201320738,0.10885513952833395,0.1608678341835106,0.0,0.20718362820118066,0.0,0.0,0.0,0.0,0.0,0.0,0.0,0.0,0.0,0.0,0.0,0.0,0.0
164,0.07105578189464744,0.0,0.0506693040808628,0.05783872866464149,0.04200988490768994,0.0,0.0,0.09328348802579356,0.1935136187769122,0.0,0.0,0.0,0.0,0.0,0.0,0.0,0.4916291936494526,0.0,0.0,0.0,0.0
165,0.0,0.08348139226763585,0.08092346659926818,0.09237368683350486,0.03354679504519316,0.09915196078203847,0.0,0.03192475220784316,0.0,0.0,0.121048018788072,0.0,0.1274189671453389,0.0,0.0,0.0,0.0,0.0,0.0,0.0,0.3301309603311054
166,0.0,0.0,0.0,0.27386239094308934,0.13260927167298167,0.19597206359863845,0.37652337465181024,0.02103289913348024,0.0,0.0,0.0,0.0,0.0,0.0,0.0,0.0,0.0,0.0,0.0,0.0,0.0
167,0.021222685830409004,0.062448362903272464,0.06053490331570702,0.017275063823798745,0.0,0.0,0.07125255832897974,0.015920901311603532,0.07706393719978305,0.0503056256720806,0.045275063104872545,0.0,0.09531592232604745,0.11318765776218134,0.0,0.0,0.29367608500457865,0.0,0.07652123341668599,0.0,0.0
168,0.0,0.12088577557654777,0.11718175459787918,0.05016087031077737,0.02428882788720475,0.0717888223560386,0.03448217204970379,0.011557211511164458,0.0745890955685082,0.0,0.0,0.15024374964513795,0.0,0.0,0.3448217204970379,0.0,0.0,0.0,0.0,0.0,0.0
169,0.06603669398524496,0.0647716232192441,0.09418046607366413,0.12542422429418015,0.05205663944641327,0.07693011904538208,0.07390336026326869,0.016513205040510584,0.03996546964591658,0.052177140926613304,0.04695942683395198,0.0,0.0,0.0,0.1847584006581717,0.0,0.0,0.10632323056743842,0.0,0.0,0.0
170,0.03219670737383211,0.0,0.0918368477738275,0.05241562535898899,0.0,0.05626182312423903,0.05404824319803946,0.060383568408066066,0.05845643324610652,0.0,0.0,0.0,0.0,0.1717157726604379,0.0,0.42268497885646245,0.0,0.0,0.0,0.0,0.0
171,0.038454598622397335,0.11315376146360594,0.0,0.0,0.04547056465281162,0.06719711431627111,0.0,0.05769598386715732,0.0,0.09115164117901589,0.08203647706111432,0.0,0.0,0.0,0.0,0.5048398588376265,0.0,0.0,0.0,0.0,0.0
172,0.17589985396129101,0.0,0.0,0.04772693440815103,0.06933081233886143,0.10245816294446074,0.0,0.10996425546786445,0.0,0.0,0.0,0.0,0.0,0.0,0.0,0.0,0.0,0.28320982776157544,0.21141015311779576,0.0,0.0
173,0.03170385424905734,0.09328950215814574,0.0,0.0774199048116885,0.03748816022059436,0.0,0.053220896313171666,0.02972962156688161,0.11512321542920113,0.07514987673850629,0.06763488906465567,0.0,0.0,0.0,0.26610448156585836,0.0,0.0,0.15313559788223924,0.0,0.0,0.0
174,0.03922057326439209,0.0,0.16780724382759404,0.09577551754229928,0.04637628986459296,0.06853560925381827,0.1975173788003484,0.06620087970780907,0.14241796816573585,0.0,0.0,0.0,0.1761485395734101,0.0,0.0,0.0,0.0,0.0,0.0,0.0,0.0
175,0.04065190776233497,0.0,0.0,0.09927079542598809,0.09613753706381294,0.0,0.06824189106332952,0.038120470282629125,0.1476154381157128,0.0,0.0,0.0,0.0,0.21681017473245315,0.0,0.0,0.0,0.0,0.2931517855537395,0.0,0.0
176,0.1780008267573192,0.0,0.0,0.09659398335956272,0.1403178187832909,0.0,0.0996026484150245,0.11127768412667574,0.1077262686758244,0.0,0.0,0.0,0.2664807698823024,0.0,0.0,0.0,0.0,0.0,0.0,0.0,0.0
177,0.05434843436226056,0.0,0.07751085903475602,0.04423910714384326,0.12852839904608504,0.1899412859623031,0.0,0.1121210191678577,0.19735034321615183,0.0,0.0,0.0,0.0,0.0,0.0,0.0,0.0,0.0,0.19596055206674232,0.0,0.0
178,0.0,0.0,0.23856305826959237,0.06807960088933518,0.09889623316256774,0.0,0.14040022609636665,0.07842869772782386,0.0,0.0,0.0,0.0,0.37563218385431424,0.0,0.0,0.0,0.0,0.0,0.0,0.0,0.0
179,0.0,0.0,0.06996647192674123,0.0,0.0580091533988455,0.1714536752334478,0.08235397843180361,0.11960934962714335,0.0,0.0,0.0,0.0,0.0,0.261645452309376,0.0,0.0,0.0,0.23696191907264247,0.0,0.0,0.0
180,0.06008829824497605,0.0,0.0,0.02445565079604749,0.0,0.05250035614578113,0.1513043050889889,0.04507722886656079,0.10909648475683596,0.0,0.0,0.0,0.0,0.0,0.0,0.0,0.0,0.0,0.0,0.20787303176640365,0.34960464433440613
181,0.0529260492019808,0.0,0.02516075876640127,0.014360433063812492,0.02086076766082692,0.030828369956102584,0.02961545048241986,0.01654342929878765,0.0,0.04181811294971322,0.03763630165474191,0.0,0.07923431927314084,0.0,0.1480772524120993,0.0,0.0,0.17042853579505768,0.12722130136814166,0.0,0.20528891811677402
182,0.08010430672656502,0.0,0.05712173404457004,0.032602070782194986,0.14207877036028158,0.06998874580887593,0.13447018047213538,0.09013935174505779,0.0,0.0,0.0,0.0,0.179883355456146,0.21361148460417337,0.0,0.0,0.0,0.0,0.0,0.0,0.0
183,0.030027297276736975,0.17671237018033714,0.04282444625540204,0.02444193355435506,0.03550571871983679,0.05247090855184072,0.05040647936291584,0.04505194492509694,0.05451764611946572,0.0,0.0,0.2196282315098476,0.0,0.16014558547593052,0.0,0.0,0.0,0.0,0.10826743806823473,0.0,0.0
184,0.14737639196442714,0.21682963415455947,0.05254645730207987,0.029990744310726035,0.0,0.0,0.06184976449654647,0.048369687619094034,0.13378849766983458,0.0,0.0,0.0,0.0,0.0,0.3092488224827324,0.0,0.0,0.0,0.0,0.0,0.0
185,0.019678059420929254,0.0,0.0,0.016017752660597424,0.023268282733292792,0.0,0.0,0.0405959086661808,0.0,0.046644288997758236,0.04197986009798242,0.0,0.0883786528378577,0.0,0.16516666268058655,0.2583376006029687,0.0,0.0,0.0709518762219421,0.0,0.22898105507990407
186,0.06180102271584972,0.18185128523284513,0.08813962014071046,0.0,0.2192294939758548,0.0,0.0,0.09272417181103312,0.22441222432989402,0.0,0.13184218179381277,0.0,0.0,0.0,0.0,0.0,0.0,0.0,0.0,0.0,0.0
187,0.13702497961722881,0.26879996001540674,0.06514093738534926,0.0,0.0,0.0,0.23002226086564317,0.05139691543151733,0.0829276472387957,0.0,0.0,0.0,0.0,0.0,0.0,0.0,0.0,0.0,0.16468729944605906,0.0,0.0
188,0.02975540265985016,0.0,0.042436674545524466,0.0,0.0,0.05199578894827059,0.24975026494825053,0.02232200170233448,0.10804798696342754,0.0,0.06347819234101369,0.21763951659776115,0.0,0.0,0.0,0.0,0.0,0.0,0.21457417129356735,0.0,0.0
189,0.08876001234803603,0.26117888690916347,0.06329404780249923,0.0,0.0524770511803631,0.0,0.0,0.08323283209193122,0.0,0.0,0.0,0.0,0.0,0.2366933662614294,0.0,0.0,0.0,0.21436380340657757,0.0,0.0,0.0
190,0.09168046162283328,0.13488619641060529,0.13075319317796835,0.0746270212255813,0.0,0.08010306544520586,0.0,0.05158285313284685,0.08322765310441603,0.1086583248863209,0.0,0.0,0.0,0.24448123099422203,0.0,0.0,0.0,0.0,0.0,0.0,0.0
191,0.027854260085372888,0.16392392142196457,0.1191758871619297,0.09069240803631745,0.06587243031737144,0.0,0.0,0.03134369486529873,0.15171682089054173,0.0,0.0,0.0,0.0,0.1485560537886554,0.0,0.0,0.0,0.0,0.20086452343254815,0.0,0.0
192,0.05849121192217887,0.0,0.1251288321900651,0.07141693283979868,0.034581409358147325,0.0,0.04909426312156653,0.04936401182003667,0.05309840514921203,0.0,0.06239062605032414,0.21391071788682559,0.0,0.0,0.0,0.0,0.0,0.2825235896618451,0.0,0.0,0.0
193,0.0,0.0,0.10837769285079951,0.030928133333415764,0.04492793502706354,0.0,0.0,0.049881527863380806,0.06898509172595219,0.09006386975332645,0.08105748277799382,0.0,0.0,0.0,0.0,0.0,0.0,0.0,0.0,0.5257782666680679,0.0
194,0.0,0.18617219088526477,0.0,0.0,0.0,0.11055959458715382,0.0,0.130525118444834,0.34461660865995825,0.0,0.0,0.0,0.0,0.0,0.0,0.0,0.0,0.0,0.22812648742278924,0.0,0.0
195,0.04219124383816395,0.06207447369293087,0.03008623516036204,0.034343270024069866,0.024944476726489542,0.03686333932617738,0.03541297843465564,0.03560755523924167,0.0,0.0,0.04500399342737489,0.15429940603671388,0.09474524932078922,0.1125099835684372,0.0,0.0,0.2919177952045938,0.0,0.0,0.0,0.0
196,0.0,0.0,0.04966830531586328,0.028348047072169986,0.04117995752516147,0.060856387741962184,0.0,0.04572031181639723,0.0,0.0,0.0,0.0,0.0,0.0,0.2923101903015561,0.0,0.0,0.0,0.0,0.48191680022688976,0.0
197,0.04465686298558629,0.0,0.0,0.03635026049065212,0.07920662996057797,0.0,0.0,0.02512561961386833,0.04053956356138331,0.052926652427361526,0.0,0.0,0.0,0.11908496796156344,0.0,0.29313222882846385,0.308977214170543,0.0,0.0,0.0,0.0
198,0.0,0.09526362313708484,0.0,0.05270547035247301,0.0,0.05657293660700601,0.0,0.03643048445242365,0.11755936472236002,0.07674014086042945,0.0,0.0,0.0,0.0,0.0,0.0,0.0,0.0,0.11673148187220254,0.4479964979960206,0.0
199,0.0,0.0,0.04951162361234511,0.028258621425805878,0.04105005283333001,0.12132882509782864,0.0,0.052086953485221674,0.12606150976476524,0.08229015220755506,0.07406113698679957,0.0,0.0,0.1851528424669989,0.0,0.0,0.0,0.0,0.0,0.24019828211934996,0.0
200,0.07242366643426601,0.07103623987422261,0.0,0.07860289817561039,0.0,0.08437068763218249,0.0,0.04527584519455946,0.0,0.0,0.1030025478176228,0.0,0.10842373454486608,0.0,0.0,0.0,0.0,0.3498199737202283,0.08704440660644179,0.0,0.0
201,0.04273339478343864,0.0,0.0,0.017392287860986157,0.05053001877395054,0.07467405504819312,0.03586802971986981,0.036065106806242725,0.03879343639914998,0.0,0.04558228776900123,0.15628212949371845,0.0,0.0,0.0,0.0,0.0,0.20641035970868477,0.0,0.2956688936367647,0.0
202,0.0,0.08721392419519435,0.0,0.024125950413297008,0.0,0.051792569317282655,0.04975482888512727,0.0277934483698971,0.0,0.07025566115723988,0.12646019008303183,0.0,0.1331159895610861,0.0,0.0,0.0,0.0,0.4294874380178439,0.0,0.0,0.0
203,0.09211555102008073,0.0,0.0,0.08997741581357328,0.02178437049528006,0.0,0.0,0.020731060273530257,0.03344905115055414,0.0436695945576679,0.03930263510190112,0.0,0.08274238968821286,0.0,0.3092666368674186,0.0,0.0,0.2669612950317811,0.0,0.0,0.0
204,0.0,0.0,0.04589570273825065,0.026194844647109677,0.0,0.0,0.0810322489329442,0.01508842242035896,0.0,0.0,0.03432616100631664,0.11768969487879989,0.0,0.0,0.0,0.0,0.0,0.6217568786049805,0.058016046771239387,0.0,0.0
205,0.07547453752622346,0.0,0.10764056605411255,0.06143555359845217,0.044622359368852664,0.06594362323110309,0.0,0.021232397370014512,0.1370317844447745,0.08945130373478336,0.0,0.0,0.0,0.0,0.0,0.0,0.0,0.0,0.136066771878262,0.2611011027934217,0.0
206,0.020540671886486495,0.0,0.029294774389640905,0.06687964391657288,0.02428827714984084,0.03589359728969654,0.03448139018321667,0.04622779782804872,0.0,0.0,0.0,0.15024034294115834,0.0,0.0,0.34481390183216676,0.0,0.0,0.0992153208101989,0.14812428177297302,0.0,0.0
207,0.0,0.12118004263808582,0.0,0.03352198317810324,0.024347953139753964,0.03598178740448282,0.0,0.02703247105003453,0.0,0.0,0.043927765456306125,0.0,0.0,0.0,0.0,0.0,0.0,0.4972954579959183,0.07424411063037653,0.14246842850693875,0.0
208,0.044829675464663196,0.0,0.06393535887996533,0.10947278460051298,0.15902628525109155,0.0,0.07525506176363132,0.07566855111398095,0.0,0.0,0.0,0.0,0.0,0.0,0.0,0.0,0.0,0.0,0.16163939322470108,0.31017288970145346,0.0
209,0.0,0.0,0.0,0.0917531289365217,0.033321430774291075,0.0,0.04730550664022307,0.03171028467091876,0.05116375718180156,0.06679712743179646,0.0,0.20611685036097196,0.12656297829182486,0.15029353672154203,0.0,0.0,0.0,0.0,0.0,0.19497539899010863,0.0
210,0.030961502378179327,0.09110511044613687,0.08831358895614382,0.025202367595592714,0.0,0.0,0.1039494374926414,0.02903349673558208,0.05621379155187169,0.14678045571877607,0.0,0.0,0.0,0.0,0.0,0.0,0.4284402491250761,0.0,0.0,0.0,0.0
211,0.02459532176547834,0.14474488211407943,0.0,0.04004071460707444,0.029082689939780394,0.08595771156262738,0.04128788440631118,0.041514740914038166,0.0,0.0,0.0,0.17989721062749872,0.0,0.0,0.41287884406311187,0.0,0.0,0.0,0.0,0.0,0.0
212,0.07707680497729162,0.0,0.05496284700330545,0.031369892009835705,0.0,0.0,0.19408192204118024,0.050594005318427324,0.06997043288718673,0.0,0.08221525864244442,0.0,0.17308475503672505,0.0,0.0,0.0,0.0,0.0,0.0,0.26664408208360346,0.0
213,0.021544562287921815,0.0,0.03072650666132582,0.01753706818985051,0.025475325384332493,0.07529567161376088,0.03616660948005236,0.04444651091779329,0.03911636840927649,0.10213718417977749,0.13788519864269963,0.0,0.0,0.11490433220224967,0.0,0.0,0.0,0.1040643008624148,0.0,0.0,0.25070036116854477
214,0.03972858360841907,0.05845124944686944,0.02833013204388658,0.03233868808825209,0.07046547854795805,0.034711663494045336,0.06669191740167399,0.014901857001839242,0.0,0.0,0.04237715584898035,0.0,0.0,0.2118857792449017,0.16672979350418496,0.0,0.0,0.09594827739391776,0.0,0.1374394243750714,0.0
215,0.029296824295875826,0.08620674735338174,0.041782657491611204,0.023847335515879847,0.03464197237757141,0.0,0.09836048550484211,0.03846147189612416,0.05319139730315044,0.0,0.2499995673248071,0.0,0.0,0.0,0.0,0.0,0.0,0.14150918905177756,0.0,0.2027023518849787,0.0
216,0.036271372227475035,0.0,0.0,0.05904910200466524,0.0857780257758301,0.0,0.06088833632940071,0.0612228876279139,0.06585440631371355,0.0,0.15475785483722684,0.0,0.0,0.0,0.0,0.47617801488377476,0.0,0.0,0.0,0.0,0.0
217,0.0,0.13868926937901604,0.06721986872409133,0.15346221222224987,0.11146389317297363,0.16472309127610096,0.07912109138343866,0.061876750953714844,0.0,0.22344382288841472,0.0,0.0,0.0,0.0,0.0,0.0,0.0,0.0,0.0,0.0,0.0
218,0.0,0.10871639065307492,0.10538524776398349,0.03007416847954696,0.0,0.0,0.0,0.0346458827355953,0.0,0.08757709247053257,0.07881938322347933,0.0,0.1659355436283775,0.0,0.0,0.0,0.0,0.0,0.13321585896926083,0.25563043207614916,0.0
219,0.10002083015934667,0.0,0.0713240460189213,0.16283200331187758,0.1774041514142684,0.0,0.0,0.03751697072643626,0.09079905149217288,0.11854320611478124,0.0,0.0,0.0,0.0,0.0,0.0,0.0,0.24155974076219572,0.0,0.0,0.0
220,0.032496075372191895,0.09562063557794397,0.09269075537917688,0.05290299074900557,0.03842492053247633,0.0,0.0,0.03656701228695,0.11799993326639895,0.0,0.13864992158801878,0.237685579865175,0.0,0.0,0.0,0.0,0.0,0.15696217538266272,0.0,0.0,0.0
221,0.06288569264282026,0.09252147883081602,0.0448432794333203,0.0,0.0,0.0,0.10556549060040647,0.05896973376030032,0.057087720980716274,0.0,0.06707807215234163,0.22998196166517124,0.0,0.16769518038085404,0.0,0.0,0.0,0.0,0.11337138955325343,0.0,0.0
222,0.0,0.0,0.0,0.06095784161506997,0.26565230283518937,0.13086171459344373,0.0,0.0702243266957491,0.13596624955985467,0.0,0.0,0.0,0.3363375647006931,0.0,0.0,0.0,0.0,0.0,0.0,0.0,0.0
223,0.11205743043389403,0.0,0.0,0.0,0.0,0.06527122227776308,0.0,0.08406359616432783,0.0678172628630659,0.0,0.0,0.0,0.0,0.0,0.0,0.4903709776252457,0.0,0.18041951063570358,0.0,0.0,0.0
224,0.19250204229999524,0.0,0.06863582566685067,0.156694826164702,0.1707177465200881,0.0,0.0,0.0812316310364815,0.0,0.1140752843259231,0.0,0.0,0.21614264398595953,0.0,0.0,0.0,0.0,0.0,0.0,0.0,0.0
225,0.053031706100758746,0.0,0.0,0.04316730289918677,0.0,0.0,0.0,0.08951285777007191,0.0,0.0,0.0,0.0,0.0,0.0,0.0,0.0,0.0,0.25615314644894793,0.19121291213794706,0.36692207464308757,0.0
226,0.08732622116601685,0.0,0.0,0.023694237009539282,0.06883914586143283,0.050865785252560435,0.048864508455738385,0.065510659687913,0.10569982325532064,0.0,0.06209864616250088,0.0,0.0,0.0,0.0,0.38214551484615916,0.0,0.0,0.10495545830281837,0.0,0.0
227,0.042443804774315176,0.12489211519798489,0.06053266864749128,0.03454885221693064,0.05018759363614173,0.0,0.0,0.08756172472122457,0.0,0.0,0.09054678351853906,0.0,0.0,0.0,0.3562496400729405,0.0,0.0,0.0,0.15303681721443219,0.0,0.0
228,0.03729405381030686,0.10973882500504087,0.10637635404388363,0.09107101216634553,0.088196561435922,0.0,0.0626051001668102,0.03497171346314489,0.2708447595869094,0.0,0.0,0.0,0.0,0.19890162032163655,0.0,0.0,0.0,0.0,0.0,0.0,0.0
229,0.08071704745041502,0.2375122315782327,0.0,0.13140581333740062,0.0477218571531322,0.0,0.0,0.030276284464917574,0.0,0.19132929766024298,0.08609818394710937,0.0,0.0,0.0,0.0,0.0,0.0,0.19493928440854946,0.0,0.0,0.0
230,0.07012243804163246,0.0,0.0,0.0570789956714083,0.041458069604290784,0.0,0.0,0.032877919667871625,0.06365724871864507,0.0,0.0,0.0,0.15746793104085885,0.0,0.0,0.0,0.0,0.16935230319488592,0.0,0.0,0.407985094060407
231,0.034604187204168,0.20364763044291972,0.1480557981771645,0.05633495659311293,0.08183530645974141,0.06046875033629357,0.05808965196240661,0.06489869541587552,0.06282746045579439,0.0,0.07382226603555841,0.0,0.15541529691696504,0.0,0.0,0.0,0.0,0.0,0.0,0.0,0.0
232,0.12102334438565623,0.0,0.08630076925550974,0.0,0.035775953998531174,0.0,0.05079012485693114,0.028371773042791208,0.10986516369761702,0.0,0.06454578367235,0.2212998297337714,0.1358858603628421,0.0,0.0,0.0,0.0,0.14614139699399997,0.0,0.0,0.0
233,0.4787997014969115,0.0,0.0,0.07794767795434616,0.0,0.0,0.0,0.2693906012817788,0.17386201926696362,0.0,0.0,0.0,0.0,0.0,0.0,0.0,0.0,0.0,0.0,0.0,0.0
234,0.02005962105712308,0.0,0.0,0.016328340192761557,0.023719459540986185,0.035052989697088796,0.06734771135243946,0.048907266577366756,0.0,0.0,0.0,0.0,0.0,0.0,0.0,0.0,0.5551635665538929,0.0,0.0,0.0,0.2334210450283413
235,0.16901460231857104,0.0,0.24104589522871417,0.045858758021785045,0.0,0.09844764094096517,0.09457429113345178,0.14792389126001432,0.0,0.0,0.0,0.0,0.0,0.0,0.0,0.0,0.0,0.0,0.20313492109649856,0.0,0.0
236,0.08916146371228263,0.0,0.0,0.07257658095499,0.0,0.0,0.0,0.2173841400985177,0.0,0.0,0.19021112258620299,0.0,0.0,0.0,0.0,0.0,0.0,0.43066669264800667,0.0,0.0,0.0
237,0.03634958115022032,0.0,0.0,0.0,0.042981490875087305,0.0,0.0,0.0886237407091086,0.0,0.0,0.07754577312047002,0.0,0.0,0.0,0.0,0.0,0.5029996094300758,0.0,0.0,0.2514998047150379,0.0
238,0.11346838548516681,0.0,0.1618267781849733,0.0,0.1341704696729917,0.0,0.0,0.1064025885868231,0.0,0.0,0.48413177807004515,0.0,0.0,0.0,0.0,0.0,0.0,0.0,0.0,0.0,0.0
239,0.08793666967944953,0.0,0.25082771518595076,0.07157961029551377,0.0,0.07683203903733475,0.07380913914078387,0.0824607598459307,0.0,0.10422123813860684,0.09379911432474619,0.0,0.0,0.0,0.0,0.0,0.0,0.0,0.15853371435168367,0.0,0.0
240,0.0498035132415348,0.0,0.035514482980035955,0.06080937705802659,0.029445033232870458,0.08702866477701644,0.0,0.014010658670146054,0.0,0.05902638606404124,0.10624749491527426,0.0,0.3355184049956028,0.1328093686440928,0.0,0.0,0.0,0.0,0.08978661542135852,0.0,0.0
241,0.026083196001720266,0.15350110750437673,0.07439886547565892,0.0636944182172374,0.06168404781931074,0.0,0.0,0.009783587071707529,0.0,0.061826834967040625,0.0,0.0,0.0,0.0,0.0,0.0,0.36093503656434534,0.0,0.1880929063786025,0.0,0.0
242,0.04604257827814594,0.0,0.13133036255382016,0.03747821952052579,0.10888591260235898,0.16091331111543153,0.0,0.09498600764194796,0.08359503573904511,0.0,0.0,0.33676857254872455,0.0,0.0,0.0,0.0,0.0,0.0,0.0,0.0,0.0
243,0.03104333779243909,0.0,0.0,0.025268980842176176,0.03670713383309195,0.0,0.0,0.0698645668119948,0.0,0.0,0.0,0.0,0.0,0.0,0.0,0.40754330640330294,0.0,0.0,0.0,0.42957267431699503,0.0
244,0.07119550993359973,0.05237370845690095,0.02538447150835868,0.0,0.08418499096074611,0.031102475329354153,0.08963631414590918,0.010014313485165677,0.03231569245213038,0.042189931812503544,0.0,0.0,0.07993881817105934,0.0,0.14939385690984863,0.0,0.24629798031083153,0.08597193652359213,0.0,0.0,0.0
245,0.0360956006552289,0.10621234215791492,0.0,0.029381474619200633,0.08536234427472146,0.0,0.06059327060812195,0.04738704496276204,0.19660582484550213,0.0,0.0,0.2640135362211028,0.0,0.0,0.0,0.0,0.0,0.17434856165544524,0.0,0.0,0.0
246,0.023143387878648655,0.0,0.03300672588821201,0.07535398787833457,0.05473170713103054,0.12132506410103867,0.038850539652026596,0.01736177962471518,0.08403840137495115,0.054858400897537546,0.04937256080778381,0.16927735134097302,0.0,0.0,0.0,0.0,0.0,0.11178693013083123,0.16689316329391707,0.0,0.0
247,0.019758637985796808,0.0,0.02817945027500826,0.032166685687529305,0.046727125398281597,0.034527039756750734,0.03316859884828841,0.03335084389690538,0.07174767835977282,0.0,0.04215176103636653,0.0,0.0,0.0,0.0,0.25939545253148627,0.0,0.1908758990326031,0.07124241301921103,0.13670841417199955,0.0
248,0.01751984380459155,0.0,0.0,0.014260985736010928,0.0,0.030614880641470558,0.02941036074737991,0.026286183232090473,0.06361815622660195,0.04152851864792071,0.0,0.2562902865128821,0.0,0.0,0.0,0.23000410328079163,0.0,0.1692483024141674,0.0,0.12121837875609288,0.0
249,0.10506967855081621,0.1030568494598044,0.04994955934820603,0.02850857202862634,0.12423943514553783,0.0,0.0,0.0591161268329867,0.063588268815624,0.0,0.22414864757507463,0.0,0.0,0.0,0.0,0.0,0.0,0.0,0.0,0.2423228622433239,0.0
250,0.053459302550324404,0.15730553394118443,0.0762427936093763,0.17406144932124704,0.0,0.09341693824493548,0.0,0.09023460298604206,0.09706086136796488,0.0,0.0,0.0,0.0,0.0,0.0,0.0,0.0,0.2582185179789254,0.0,0.0,0.0
251,0.03396575717358681,0.09994521651078417,0.0,0.13823901170807984,0.04016274289347909,0.0,0.05701792679631622,0.012740269357418642,0.061668325081122154,0.16102284882293005,0.0,0.0,0.0,0.0,0.0,0.0,0.0,0.0,0.0,0.0,0.39523790165628286
252,0.03726553709037533,0.0,0.10629501387338254,0.09100137515233146,0.0,0.0,0.0,0.03494497250965598,0.13531882971824233,0.0,0.07949981245946737,0.0,0.0,0.0,0.0,0.0,0.0,0.0,0.0,0.5156744591965451,0.0
253,0.03191924691295264,0.0,0.13656814278076673,0.0,0.1132285525595733,0.0,0.05358247350633361,0.0359179218009489,0.0,0.22698131138099656,0.0,0.0,0.2867132354286272,0.0,0.0,0.0,0.0,0.0,0.11508911562980108,0.0,0.0
254,0.024753879700475302,0.0,0.03530358330541324,0.0,0.0,0.0,0.0,0.027854915179435943,0.04494321420795516,0.058675862993719234,0.0,0.0,0.2223506387130413,0.0,0.0,0.0,0.0,0.11956590949663541,0.17850685079779374,0.0,0.2880451456055308
255,0.047269828258035676,0.0,0.06741546537079184,0.03847718929747897,0.027947057815374442,0.0,0.07935131825611236,0.039893657255133406,0.042911617142046575,0.0,0.0,0.0,0.0,0.1260528753547618,0.0,0.0,0.0,0.0,0.2556565359307846,0.0,0.27502445531948033
256,0.02614797327983179,0.0,0.0,0.021284200825554656,0.030918619674997407,0.09138404313497528,0.0,0.024519711207461315,0.04747433446551021,0.0,0.111564685993949,0.19125374741819826,0.23487302314515573,0.0,0.0,0.0,0.0,0.12629964452145168,0.09428001633291463,0.0,0.0
257,0.11130631897022698,0.0,0.0793716369258443,0.022650570474068446,0.03290348459166063,0.0,0.04671216009242312,0.020875031250093847,0.0,0.0,0.1187267402349088,0.0,0.0,0.0,0.4671216009242313,0.0,0.0,0.0,0.10033245653654263,0.0,0.0
258,0.2114368079772776,0.0,0.10051591985549316,0.11473836320547551,0.0,0.12315773115400015,0.0,0.1718343582291526,0.12796175612809238,0.0,0.15035506345050856,0.0,0.0,0.0,0.0,0.0,0.0,0.0,0.0,0.0,0.0
259,0.030151649543969372,0.08872209520984091,0.0,0.07362946534107624,0.0,0.0,0.0,0.03958370401669825,0.05474342044862525,0.0,0.0,0.0,0.0,0.0,0.0,0.3958370401669825,0.0,0.0,0.10871580680642477,0.2086168184663827,0.0
260,0.0,0.0,0.05204539788833774,0.059409532088754366,0.04315080333005369,0.12753786922807678,0.06125999292430573,0.0410643908613478,0.0,0.0865013788977465,0.23355372302391564,0.0,0.16389734949046708,0.0,0.0,0.0,0.0,0.0,0.13157956226699472,0.0,0.0
261,0.03532708782522407,0.0,0.0,0.028755912506382708,0.08354489130029895,0.0,0.059303176939392535,0.05300357206304681,0.0,0.2512148467571489,0.0,0.0,0.0,0.0,0.0,0.0,0.0,0.0,0.0,0.48885051260850604,0.0
262,0.0,0.0,0.09173829286086084,0.15707812624983641,0.07606015505092156,0.1124028912527271,0.10798048241655422,0.048255014120218376,0.11678740119520938,0.1524724404493011,0.13722519640437103,0.0,0.0,0.0,0.0,0.0,0.0,0.0,0.0,0.0,0.0
263,0.0,0.09090929643370886,0.0,0.0,0.10959504096627255,0.0,0.0,0.04055953225503934,0.0,0.2929299551752841,0.13181847982887787,0.0,0.0,0.0,0.0,0.0,0.0,0.0,0.3341876953408172,0.0,0.0
264,0.0,0.0,0.04992716536265892,0.05699158144735947,0.041394578210610974,0.06117355756039096,0.0,0.04595859580819116,0.06355976016026436,0.0829807979870118,0.0,0.0,0.0,0.18670679547077657,0.0,0.0,0.0,0.169092946841458,0.0,0.24221422115127772,0.0
265,0.029944404574494297,0.0,0.12811867806803132,0.07312337905631675,0.03540770240679233,0.10465211701120192,0.0,0.03931162856959251,0.05436714589411731,0.1419586587235285,0.0,0.0,0.0,0.0,0.0,0.3931162856959251,0.0,0.0,0.0,0.0,0.0
266,0.02980863216578592,0.0,0.08502517921382947,0.0,0.035247158588642934,0.05208880433065663,0.10007881750086814,0.04472386716156012,0.05412063712369643,0.0,0.06359174862034331,0.0,0.0,0.0,0.0,0.39133383766365104,0.0,0.14398131763096594,0.0,0.0,0.0
267,0.03112638694774008,0.18318057606026344,0.0,0.025336582062389385,0.036805335143748084,0.0,0.05225150858112433,0.017512868260706506,0.0,0.1475621307152122,0.06640295882184552,0.0,0.0,0.0,0.0,0.0,0.0,0.0,0.22446070587666087,0.21536094753030977,0.0
268,0.044331258016918035,0.13044600060150593,0.0,0.0,0.05241940901769522,0.30986490245272397,0.0,0.0581989848837488,0.08048795781795047,0.0,0.0,0.32425148720945757,0.0,0.0,0.0,0.0,0.0,0.0,0.0,0.0,0.0
269,0.026297544169477407,0.07738127939524386,0.03750513263167809,0.0,0.09328643843953184,0.09190677552745688,0.0441453856222047,0.04931993631784774,0.09549179159413074,0.0,0.056101427561551814,0.19234775163960618,0.23621653710127075,0.0,0.0,0.0,0.0,0.0,0.0,0.0,0.0
270,0.08784089124180489,0.17231623109503486,0.0,0.0,0.10386728941294246,0.0,0.0,0.02745698187778028,0.10632278088842577,0.06940514863550015,0.06246463377195015,0.21416445864668618,0.0,0.15616158442987535,0.0,0.0,0.0,0.0,0.0,0.0,0.0
271,0.03368483960546045,0.0,0.0,0.02741913812081995,0.1194917173995086,0.0,0.056546353698346714,0.03790469863295769,0.0,0.0,0.0,0.0,0.0,0.0,0.2827317684917336,0.442221484051173,0.0,0.0,0.0,0.0,0.0
272,0.03308355880918063,0.0,0.0,0.10771880515294426,0.07823917833857037,0.057811543038568204,0.0,0.06204682091685159,0.0,0.15684057509537486,0.0,0.0,0.0,0.0,0.0,0.0,0.0,0.0,0.11928719795986256,0.0,0.38497232068864734
273,0.0,0.19792557423032567,0.09593050115898794,0.054752066639231586,0.07953591204636644,0.11753941950879408,0.0,0.15138043919154578,0.0,0.15944004590776234,0.14349604131698615,0.0,0.0,0.0,0.0,0.0,0.0,0.0,0.0,0.0,0.0
274,0.0,0.0,0.09748800500993723,0.27820503814441544,0.08082723741008653,0.0,0.0,0.05127940483306589,0.0,0.1620286749933679,0.0,0.0,0.0,0.0,0.0,0.0,0.0,0.33017163960912704,0.0,0.0,0.0
275,0.04382273280778148,0.25789930112165654,0.06249927353087498,0.10701385944793695,0.0,0.0,0.0,0.04109384468422,0.0,0.10387610739622276,0.18697699331320103,0.0,0.1968178876981063,0.0,0.0,0.0,0.0,0.0,0.0,0.0,0.0
276,0.0,0.0,0.05405279776757917,0.030850483940478412,0.0,0.2649140532226747,0.19086840392027135,0.04975629332964338,0.0,0.08983775184518945,0.0,0.0,0.0,0.0,0.0,0.0,0.0,0.1830656075335936,0.13665460844056987,0.0,0.0
277,0.0,0.0807160795262039,0.0,0.0,0.016217780412886233,0.02396689050778068,0.0,0.015433623997318109,0.02490176921553099,0.16255321571249395,0.0,0.0,0.06159911332262929,0.0,0.0,0.3601178932707559,0.0,0.0,0.0,0.09489593133486134,0.15959770269953955
278,0.0,0.0,0.04360872630981686,0.024889559213393087,0.036155964769571024,0.0,0.0,0.05734627379203022,0.0,0.0,0.0652313864384344,0.22365046778891787,0.0,0.0,0.0,0.40142391654421156,0.0,0.147693705143625,0.0,0.0,0.0
279,0.0,0.0,0.0,0.02668709721459994,0.03876716893298698,0.057290730880489284,0.3302200160259022,0.02459514160876683,0.05952547570206866,0.07771381549992296,0.0,0.0,0.0,0.0,0.0,0.0,0.0,0.15836022781116377,0.0,0.22684032632409948,0.0
280,0.0599356652846592,0.0,0.04273963875452021,0.04878705981835534,0.0,0.052366997654855814,0.0,0.06182374851340671,0.0,0.0,0.0,0.0,0.0,0.3196568815181824,0.0,0.0,0.4146900084560204,0.0,0.0,0.0,0.0
281,0.17903936829059017,0.0,0.0,0.0,0.0,0.1251442410440712,0.0,0.10744985384882891,0.13002575399259883,0.0,0.07639013047065182,0.0,0.0,0.38195065235325903,0.0,0.0,0.0,0.0,0.0,0.0,0.0
282,0.07663279848314036,0.11274710581427547,0.10929245911801634,0.03118918348439417,0.1359214531987339,0.20086685745751465,0.06432129971043912,0.06467471344511186,0.0,0.0,0.0,0.0,0.0,0.2043541292883743,0.0,0.0,0.0,0.0,0.0,0.0,0.0
283,0.0717094860851337,0.0,0.05113545525847974,0.02918541882002262,0.08479274105216733,0.06265402197199395,0.06018894569768599,0.04034643612702028,0.0,0.0,0.0,0.0,0.0,0.0,0.0,0.4707084214819032,0.0,0.0,0.12927907350559315,0.0,0.0
284,0.15915687141520218,0.0,0.0,0.19432826271363318,0.09409736508612415,0.0,0.0,0.19401980515377032,0.0,0.1886303661217211,0.16976732950954904,0.0,0.0,0.0,0.0,0.0,0.0,0.0,0.0,0.0,0.0
285,0.06429811555626307,0.0,0.09170093360670387,0.1046761054524855,0.07602918051918403,0.1123571166034358,0.1079365087370711,0.07235304431825645,0.2334796820199056,0.0,0.13716931318669456,0.0,0.0,0.0,0.0,0.0,0.0,0.0,0.0,0.0,0.0
286,0.0,0.0,0.0,0.0,0.0,0.0,0.0,0.19753086419753088,0.0,0.0,0.0,0.0,0.0,0.8024691358024691,0.0,0.0,0.0,0.0,0.0,0.0,0.0
287,0.0,0.0,0.05749955528064138,0.13127084480604295,0.0,0.0,0.13535960882459183,0.03780648414972574,0.14639957692021457,0.09556639048958451,0.0,0.0,0.1810731609276338,0.21502437860156515,0.0,0.0,0.0,0.0,0.0,0.0,0.0
288,0.023902359752611083,0.0,0.06817831862583217,0.038912585670387516,0.0,0.04176794605234428,0.04012461702733401,0.022413934420030902,0.0,0.0,0.05099170080557031,0.17482868847624106,0.10735094906435853,0.0,0.20062308513667007,0.0,0.0,0.23090581496862023,0.0,0.0,0.0
289,0.016035300283338466,0.0,0.06860785859389383,0.026105162941396805,0.05688272802588424,0.056041459010711905,0.0,0.00902205906051571,0.029113736684642892,0.07601920134323421,0.0,0.1172867677867042,0.0,0.0,0.13459137286998846,0.0,0.22189388500187285,0.07745352589688013,0.0,0.11094694250093642,0.0
290,0.0,0.07494739885121202,0.0,0.02073266677283131,0.0,0.0,0.0,0.042991804615750195,0.0,0.0,0.054336864167128726,0.0,0.0,0.0,0.0,0.33438070256694596,0.0,0.0,0.0,0.1762276675690661,0.29638289545706575
291,0.0899622963792928,0.0,0.0,0.018307112776708236,0.026593935188335978,0.039300934937028936,0.0,0.03796211187873454,0.0,0.0,0.047979891402289504,0.0,0.0,0.23989945701144746,0.1887733432221226,0.0,0.31122091720404,0.0,0.0,0.0,0.0
292,0.10354172933576018,0.0,0.07383477077981784,0.0,0.12243271459563329,0.09046649389063006,0.0,0.07767526068851167,0.2819859862761129,0.0,0.0,0.0,0.0,0.0,0.0,0.0,0.0,0.25006304443353405,0.0,0.0,0.0
293,0.05502682427841688,0.0,0.15695673554623646,0.0,0.0,0.09615608884146568,0.09237289846081784,0.0722403436680755,0.0,0.1304339538451363,0.0,0.0,0.0,0.0,0.0,0.0,0.0,0.0,0.3968131553598513,0.0,0.0
294,0.2306722179284925,0.0,0.16449049523591666,0.14082373876715598,0.0,0.30231444260935536,0.09680670129458045,0.06489240416449898,0.0,0.0,0.0,0.0,0.0,0.0,0.0,0.0,0.0,0.0,0.0,0.0,0.0
295,0.07154488119830865,0.0,0.10203615368672432,0.0,0.0,0.12502040673561102,0.12010157106076731,0.10734352871365284,0.0,0.0,0.15262907988972516,0.0,0.3213243787152108,0.0,0.0,0.0,0.0,0.0,0.0,0.0,0.0
296,0.020620628777424498,0.06067679272437554,0.029408807615714048,0.016784995125661915,0.0,0.0,0.034615612898496205,0.05414236889251971,0.0,0.04887852747241363,0.0,0.0,0.0,0.10997668681293066,0.0,0.0,0.28534491713625254,0.09960152767963532,0.0,0.0,0.239949134864576
297,0.08368404942838503,0.0,0.23869767859238517,0.06811801797668225,0.19790407994149253,0.0,0.0,0.10986213668546958,0.0,0.0,0.0,0.0,0.0,0.0,0.0,0.0,0.0,0.0,0.30173403737558546,0.0,0.0
298,0.04158562408778708,0.0,0.0,0.0,0.024586419784003444,0.07266839431039926,0.03490465497204424,0.02729723017044485,0.037751488533593947,0.0,0.0,0.0,0.0,0.0,0.1745232748602212,0.0,0.0,0.20086641068817906,0.0,0.14386378062802016,0.24195272196530665
299,0.032928298170508255,0.0,0.04696180686156052,0.0,0.07787200306374238,0.11508046869146912,0.0,0.03705338167758292,0.0,0.0,0.0,0.0,0.1478884970464932,0.0,0.0,0.0,0.0,0.1590498930500021,0.0,0.0,0.3831656514386415
300,0.0,0.0,0.02912368594988513,0.016622262728153835,0.024146427842976353,0.0,0.10284003202631568,0.015319272169976207,0.0,0.19361857881497704,0.08712836046673969,0.0,0.09171406364919965,0.0,0.1714000533771928,0.2680872629745836,0.0,0.0,0.0,0.0,0.0
301,0.0,0.06842792340879265,0.03316562304493015,0.056787561239093426,0.05499519017611973,0.08127275544798582,0.07807513884019622,0.04361340173307664,0.0,0.05512249385708297,0.09922048894274937,0.0,0.0,0.12402561117843668,0.0,0.30529381213153645,0.0,0.0,0.0,0.0,0.0
302,0.29740440715853533,0.0,0.0,0.0,0.05861087623755584,0.1732321461492265,0.0,0.05577694376013556,0.17998942844582752,0.23498619824871925,0.0,0.0,0.0,0.0,0.0,0.0,0.0,0.0,0.0,0.0,0.0
303,0.2243829283666172,0.0,0.0,0.03652911266254627,0.0,0.0,0.07533380939259542,0.06733131681975561,0.0,0.10637412900343333,0.0,0.3282401694963086,0.0,0.0,0.0,0.0,0.0,0.0,0.16180853425874367,0.0,0.0
304,0.16019869009020204,0.0,0.0,0.0,0.0,0.13996882137573968,0.0,0.15022294748385248,0.0,0.1898651141809802,0.0,0.0,0.35974442686922564,0.0,0.0,0.0,0.0,0.0,0.0,0.0,0.0
305,0.0,0.0,0.0,0.10180420450034065,0.0,0.21854895778400774,0.10497515513231846,0.1172799352210884,0.0,0.0,0.0,0.45739174736224475,0.0,0.0,0.0,0.0,0.0,0.0,0.0,0.0,0.0
306,0.057752638128041336,0.0,0.12354881917085167,0.0,0.03414474679163645,0.0,0.04847434544517568,0.059571952003137155,0.15728378043381472,0.0,0.0,0.2112096480111226,0.0,0.30801407001622044,0.0,0.0,0.0,0.0,0.0,0.0,0.0
307,0.096492606833371,0.09464408946108421,0.09174413128818192,0.026181353841381007,0.038032497843484184,0.0,0.0,0.08445164905758283,0.058397416901520054,0.0,0.0,0.0,0.0,0.1715424121482151,0.0,0.0,0.0,0.0,0.11597233497344121,0.22254150765173855,0.0
308,0.0,0.0,0.12989499986806208,0.037068604890806274,0.0,0.0,0.07644640156169555,0.11102929750627212,0.0,0.1079451503533201,0.0,0.3330878925188163,0.20452765330102757,0.0,0.0,0.0,0.0,0.0,0.0,0.0,0.0
309,0.0,0.0,0.0,0.0,0.14833207249966318,0.0,0.0,0.06273776546261703,0.0,0.0,0.0892052602671586,0.0,0.0,0.0,0.0,0.548955447797899,0.0,0.0,0.1507694539726624,0.0,0.0
310,0.057519464026108955,0.16925267575498726,0.08203333031021667,0.0,0.06801377732417502,0.0,0.0,0.0863002654399056,0.0,0.13634243324707307,0.12270818992236579,0.0,0.0,0.0,0.0,0.0,0.0,0.2778298639751678,0.0,0.0,0.0
311,0.11559326474193103,0.1700682515743353,0.0,0.04704590743073823,0.13668302897891152,0.0,0.09702254352109621,0.08671611948405669,0.2098714593896053,0.13699942487932568,0.0,0.0,0.0,0.0,0.0,0.0,0.0,0.0,0.0,0.0,0.0
312,0.0708595720715178,0.0,0.0,0.08651852361037467,0.0,0.0,0.059475575246913305,0.019934121373965448,0.0,0.0839817150477248,0.0,0.0,0.0,0.18895885885738078,0.0,0.0,0.0,0.0,0.0,0.4902716337921232,0.0
313,0.1782839301522764,0.0,0.0,0.11609713480186393,0.08432459329142311,0.06230810391670001,0.0,0.013374560034866742,0.06473856187089753,0.08451978910922732,0.07606781019830461,0.0,0.3202855166244404,0.0,0.0,0.0,0.0,0.0,0.0,0.0,0.0
314,0.194069686635541,0.0,0.0,0.0,0.07649243999799614,0.0,0.10859418530863059,0.09705853925020463,0.0,0.0,0.0,0.0,0.29053707472923096,0.0,0.0,0.0,0.0,0.0,0.23324807407839668,0.0,0.0
315,0.025949301850093184,0.0,0.0,0.08448993670745762,0.03068370103290464,0.0,0.0,0.043800140265651794,0.0471136260540699,0.0,0.0,0.0,0.0,0.0,0.0,0.3406677576217361,0.0,0.12534002403063876,0.0,0.0,0.30195551243744795
316,0.13525042852508445,0.0,0.0642973253526864,0.07339503911483121,0.05330886790211181,0.0,0.0,0.042276080222737024,0.0,0.10686453611858525,0.0,0.0,0.0,0.0,0.0,0.0,0.0,0.0,0.0,0.0,0.524607722763964
317,0.21852088748829365,0.0,0.0,0.10672435077329699,0.05167791888868654,0.0,0.0,0.057375740714875056,0.07934942864823147,0.10359508740185773,0.18647115732334396,0.0,0.19628542876141464,0.0,0.0,0.0,0.0,0.0,0.0,0.0,0.0
318,0.07247314988027038,0.10662716304223689,0.0,0.0,0.042847866903808825,0.0,0.06082992252245646,0.06796016985109604,0.0,0.34357641424720775,0.0,0.0,0.0,0.0,0.0,0.0,0.0,0.17502949405046433,0.1306558195024593,0.0,0.0
319,0.13496946692752207,0.2647676899114609,0.0,0.036621286203969955,0.05319812707227967,0.0,0.07552389843376098,0.08437651656519084,0.08168364901523795,0.10664254176989396,0.0,0.0,0.0,0.0,0.0,0.0,0.0,0.0,0.1622168241006838,0.0,0.0
320,0.136105799899705,0.0,0.0647039642977242,0.07385921520789504,0.0,0.0,0.07615974814059996,0.10210427772695818,0.08237135880454961,0.10754038510593975,0.1935726931906916,0.0,0.0,0.0,0.0,0.0,0.0,0.0,0.16358255762593654,0.0,0.0
321,0.0487506549598173,0.0,0.0,0.07936513621439255,0.17293534877200772,0.08518885781374216,0.0,0.10057277975593078,0.0,0.0,0.10400139724761025,0.0,0.0,0.0,0.40918582523649927,0.0,0.0,0.0,0.0,0.0,0.0
322,0.12849624782016178,0.0,0.0,0.0,0.07597006799529195,0.11226975918758161,0.10785258833429973,0.03614839499116639,0.0,0.0,0.0,0.0,0.0,0.0,0.5392629416714987,0.0,0.0,0.0,0.0,0.0,0.0
323,0.05446680811138299,0.0,0.15535936352661892,0.04433546224646756,0.0,0.0,0.0,0.10215020422354613,0.0,0.1291065081158708,0.11619585730428374,0.39838579647182987,0.0,0.0,0.0,0.0,0.0,0.0,0.0,0.0,0.0
324,0.0,0.18355793641752916,0.08896679926643475,0.07616632973763929,0.036881155815993154,0.16351065325930073,0.20943659630590214,0.005849648523195985,0.05662957612881219,0.0,0.06653975195135434,0.0,0.0,0.0,0.0,0.0,0.0,0.0,0.11246155259383829,0.0,0.0
325,0.053703223837143536,0.07901163966844105,0.11488600531177225,0.021856955965514697,0.03175063580209871,0.0,0.09015098558890978,0.03021544022485438,0.0,0.0636482652884664,0.0,0.0,0.0,0.1432085968990494,0.0,0.0,0.0,0.0,0.0,0.37156825141374983,0.0
326,0.07840571592389946,0.23071107214388803,0.0,0.0,0.09271068487999196,0.13700930564176286,0.0,0.17645594089246822,0.28470728051798955,0.0,0.0,0.0,0.0,0.0,0.0,0.0,0.0,0.0,0.0,0.0,0.0
327,0.09149557503503228,0.0,0.0,0.0,0.081141572317442,0.03997076315523595,0.0,0.02573941451534974,0.0,0.0,0.19519056007473556,0.0,0.0,0.0,0.0,0.30029316934574696,0.0,0.0,0.0,0.0,0.26616894555645754
328,0.11767859319017589,0.0,0.0,0.03192975077550082,0.0,0.06854543767163829,0.1316971359855083,0.05149695701997441,0.0,0.0,0.08368255515745841,0.0,0.0,0.0,0.0,0.514969570199744,0.0,0.0,0.0,0.0,0.0
329,0.0,0.1754019098764705,0.0,0.14556406511211065,0.1409696642887107,0.0,0.0,0.12297408626504197,0.0,0.0,0.12716638466044114,0.0,0.0,0.0,0.0,0.0,0.0,0.28792388979722516,0.0,0.0,0.0
330,0.20998417054182236,0.12357689116944029,0.05989520630496549,0.06837004471695585,0.049659074049613415,0.14677391852206562,0.07049960348682824,0.047257975963698046,0.0,0.0,0.0,0.0,0.0,0.2239831152446105,0.0,0.0,0.0,0.0,0.0,0.0,0.0
331,0.02369490204510662,0.0,0.0,0.05786227272064192,0.05603598081798887,0.04140542609929894,0.03977636015440849,0.004443879064869813,0.12906159411802756,0.0,0.10109824872578826,0.0,0.0,0.12637281090723532,0.0,0.0,0.0,0.0,0.2563054193048154,0.1639431060418188,0.0
332,0.07396032184187074,0.0,0.2109620322174809,0.06020299647541784,0.08745423737422128,0.12924124499330314,0.12415634355094367,0.1387094680697356,0.0,0.17531335547702692,0.0,0.0,0.0,0.0,0.0,0.0,0.0,0.0,0.0,0.0,0.0
333,0.03700789511187632,0.0,0.05278006210941692,0.12049629441831909,0.043759912926745206,0.0,0.0621247288435432,0.08328809801002494,0.06719163935205914,0.08772241804296609,0.0,0.0,0.0,0.0,0.0,0.0,0.0,0.17875511601208185,0.26687383517296726,0.0,0.0
334,0.057698626282926616,0.0,0.0,0.04696613140994981,0.06822562738304487,0.10082490326572843,0.0,0.11903247737195705,0.0,0.0,0.0,0.0,0.0,0.0,0.0,0.0,0.0,0.0,0.20804011730181993,0.3992121169845734,0.0
335,0.0,0.3401936209407305,0.16488493048380812,0.14116142299766402,0.06835299081257173,0.0,0.09703883613719201,0.06504801103701881,0.0,0.0,0.12332018759101486,0.0,0.0,0.0,0.0,0.0,0.0,0.0,0.0,0.0,0.0
336,0.01203540370644377,0.0,0.06865879328912769,0.009796703811922434,0.0,0.04206229827781031,0.0,0.002257189266556487,0.0,0.11411345736480018,0.025675527907080047,0.0,0.0,0.0641888197677001,0.10101847045408541,0.0,0.0,0.0,0.0,0.0,0.5601933361544736
337,0.0,0.0,0.11346268752342688,0.032379256614396064,0.0,0.0695104177831233,0.06677558167362335,0.04476165364935192,0.14444363411670302,0.0942895944928478,0.0,0.29095074872078747,0.0,0.0,0.0,0.0,0.0,0.0,0.1434264254257403,0.0,0.0
338,0.035679143150837055,0.0,0.0254425087649423,0.014521241091596639,0.0,0.06234717164924427,0.02994708408725995,0.01003720950177394,0.0,0.04228639188247354,0.0,0.26096744704612246,0.0,0.0,0.0,0.0,0.24686109855714286,0.0,0.06432296230010061,0.0,0.2075877419685065
339,0.0,0.0,0.0,0.0,0.1623035530048032,0.0,0.11520891549357343,0.1029706057891279,0.12460538732460957,0.0,0.0,0.0,0.0,0.0,0.0,0.0,0.0,0.0,0.4949115383878859,0.0,0.0
340,0.1616485072352309,0.23782768880585692,0.0,0.1315803429323342,0.09557048002821963,0.0,0.13567874705645608,0.09094948978509694,0.14674474415680536,0.0,0.0,0.0,0.0,0.0,0.0,0.0,0.0,0.0,0.0,0.0,0.0
341,0.025286894604237494,0.0,0.03606376054977604,0.04116658199481589,0.029900438885380128,0.0,0.0,0.009484901126278093,0.04591095757932481,0.0,0.10789075031141332,0.3699111439248456,0.0,0.0,0.2122440989732721,0.0,0.0,0.12214047205065656,0.0,0.0,0.0
342,0.17105154201159253,0.0,0.0,0.04641144118173576,0.0,0.19926823551748665,0.0,0.13901331668243713,0.10352055497628297,0.13515183566348052,0.0,0.0,0.0,0.0,0.0,0.0,0.0,0.0,0.20558307396698447,0.0,0.0
343,0.07197349771970195,0.0,0.05132371982240585,0.02929287029609491,0.12765738163679233,0.06288469425339147,0.06041054234833999,0.04724414209293256,0.0,0.0,0.07677173090101543,0.0,0.0,0.0,0.0,0.47244142092932556,0.0,0.0,0.0,0.0,0.0
344,0.0,0.0,0.0767594398394085,0.08762047345738523,0.0,0.0,0.0,0.09084606231543182,0.0,0.0,0.0,0.0,0.0,0.0,0.0,0.0,0.0,0.0,0.0,0.7447740243877744,0.0
345,0.0,0.0,0.331383013575539,0.047283983256605135,0.0,0.0,0.0,0.06536620982066951,0.0,0.2753854210037465,0.0,0.0,0.0,0.0,0.0,0.0,0.0,0.2805813723434399,0.0,0.0,0.0
346,0.03590426255379931,0.10564932429623705,0.0512060791853628,0.029225727229801667,0.042454924774931284,0.0,0.06027207353293523,0.040402159181418124,0.0,0.08510640012752428,0.0,0.0,0.0,0.0,0.30136036766467617,0.0,0.0,0.0,0.0,0.24841868145331417,0.0
347,0.04459477345472331,0.0,0.12720069085692665,0.0,0.10546200465966897,0.0,0.0,0.05018137144795238,0.08096639719439126,0.0,0.0,0.0,0.0,0.0,0.0,0.0,0.0,0.4308023397890251,0.16079242259731222,0.0,0.0
348,0.04407683402038645,0.0,0.06286166857503583,0.14351248978338865,0.0,0.0,0.0,0.016532849097756677,0.08002602488807754,0.41791368552662705,0.0,0.0,0.0,0.23507644810872771,0.0,0.0,0.0,0.0,0.0,0.0,0.0
349,0.0,0.0,0.3694603801668386,0.0,0.0,0.22634176873702225,0.0,0.09716943331860442,0.0,0.3070284177775348,0.0,0.0,0.0,0.0,0.0,0.0,0.0,0.0,0.0,0.0,0.0
350,0.0,0.0,0.06978579272591545,0.03983004704070533,0.08678902859793408,0.0,0.0,0.02753087866879522,0.0,0.0,0.10438791495251522,0.0,0.0,0.260969787381288,0.4107065506328467,0.0,0.0,0.0,0.0,0.0,0.0
351,0.10345394948596534,0.0,0.14754435135602856,0.0,0.18349337922683914,0.0903897988682837,0.0,0.06790823350873622,0.0,0.0,0.22070175890339275,0.0,0.0,0.0,0.0,0.0,0.0,0.0,0.1865085286507544,0.0,0.0
352,0.0,0.07860222497728526,0.038096900128266394,0.04348739951048533,0.06317222700252949,0.0,0.0,0.03005887284845634,0.048499245198750485,0.0,0.1709598393255955,0.0,0.11997181707059329,0.0,0.0,0.0,0.0,0.0,0.09631540243695517,0.0,0.31083607150108267
353,0.05218607488551953,0.0,0.037213468442041785,0.02123948357820827,0.0308536609022933,0.04559602447335495,0.08760416505372459,0.029361835539984615,0.0,0.0,0.05566514654455418,0.0,0.1171897821990614,0.0,0.0,0.34255474796648716,0.0,0.0,0.0,0.1805356104147703,0.0
354,0.05095086324176345,0.07496218959707726,0.0726652979938242,0.04147351666102208,0.0,0.0,0.0855306294419111,0.02388904943203561,0.04625326592160087,0.0,0.05434758745788102,0.18633458556987775,0.0,0.27173793728940504,0.0,0.0,0.0,0.0,0.09185507739360171,0.0,0.0
355,0.14810761365040281,0.2905406060881465,0.0,0.08037212314680046,0.0,0.17253947255746585,0.0828755171464549,0.04629493173932005,0.17926973567140955,0.0,0.0,0.0,0.0,0.0,0.0,0.0,0.0,0.0,0.0,0.0,0.0
356,0.07761135479970355,0.11418682085473626,0.0,0.09476235371410544,0.0,0.06781060351100378,0.1302852906801581,0.03638920664601485,0.07045569797419897,0.0,0.0827854451196838,0.0,0.0,0.0,0.32571322670039526,0.0,0.0,0.0,0.0,0.0,0.0
357,0.0,0.12150551106293005,0.02944562524366271,0.05041802605313949,0.0,0.07215685639914617,0.0,0.030977229194065682,0.0,0.0,0.04404574776031215,0.0,0.09272789002170977,0.0,0.173294745286474,0.0,0.2857021476344571,0.09972622134410296,0.0,0.0,0.0
358,0.01633053757388738,0.0,0.023290348851895095,0.03987870542685376,0.019310012096605864,0.05707327807392723,0.0,0.015313617651703918,0.0889493110407483,0.03870942239736268,0.034838480157626424,0.11944621768329056,0.1466883375057954,0.17419240078813206,0.0,0.0,0.22597933075217133,0.0,0.0,0.0,0.0
359,0.0,0.159909113211153,0.0,0.044235589346169515,0.0,0.18992618224396332,0.0,0.07134406589420673,0.0,0.1288156745312066,0.11593410707808596,0.0,0.0,0.28983526769521484,0.0,0.0,0.0,0.0,0.0,0.0,0.0
360,0.08834496704773816,0.0,0.12599616470318087,0.04794130697238149,0.0,0.10291836889292817,0.0988691215922228,0.04418327045513253,0.0,0.13960686150753682,0.06282308767839159,0.0,0.13225913195450856,0.1570577191959789,0.0,0.0,0.0,0.0,0.0,0.0,0.0
361,0.019450534636514173,0.0,0.0554800765119513,0.0,0.04599849299720673,0.033988647555956514,0.03265138929145986,0.010943597509775008,0.0,0.04610497099025582,0.08298894778246049,0.0,0.17471357427886416,0.0,0.0,0.0,0.2691533441593313,0.09394975220655903,0.0,0.13457667207966564,0.0
362,0.0,0.039032906022564935,0.0,0.04319062415215453,0.015685278632624245,0.02317995101681331,0.0,0.022390304333822962,0.0481682670065695,0.031443174295955084,0.08489657059907875,0.19404930422646569,0.05957654077128332,0.0,0.11133976472010326,0.0,0.18356015264665673,0.0,0.14348716157590777,0.0,0.0
363,0.0626450916253974,0.0,0.0,0.05099250701463191,0.0,0.21893711202869262,0.210323192866908,0.11748823044763175,0.11373860607164352,0.0,0.0,0.0,0.0,0.0,0.0,0.0,0.0,0.0,0.22587525994509486,0.0,0.0
364,0.09891469895758162,0.0,0.0,0.026838540469677687,0.0,0.0,0.05534899001779431,0.05565310534756241,0.05986326934548676,0.07815482386771881,0.07033934148094695,0.0,0.0,0.0,0.27674495008897154,0.0,0.0,0.15925888637195532,0.11888339405230468,0.0,0.0
365,0.20519777816801485,0.0,0.07316243901255126,0.04175725851431781,0.06065892749539469,0.0,0.0,0.057725968363749235,0.18627883408160215,0.0,0.0,0.37521879436437,0.0,0.0,0.0,0.0,0.0,0.0,0.0,0.0,0.0
366,0.061687954863262576,0.06050619327584375,0.02932612153202455,0.08368901136722426,0.09725706817549018,0.03593200556312905,0.0,0.011569316076919575,0.0,0.04874110013887413,0.0,0.0,0.09235155815786678,0.10966747531246679,0.0,0.26995070846145675,0.0,0.09932148707544163,0.0,0.0,0.0
367,0.05286259595491152,0.0,0.07539178030338356,0.04302964885360048,0.12501454563009098,0.0,0.0,0.06939910033055051,0.0,0.0,0.0,0.0,0.0,0.0,0.443699166047782,0.0,0.0,0.0,0.190603162879681,0.0,0.0
368,0.07597809847143186,0.0,0.0,0.0,0.0,0.0663835945688961,0.0,0.0498728030991963,0.1379460511254366,0.0900481167068822,0.081043305036194,0.0,0.0,0.0,0.0,0.49872803099196295,0.0,0.0,0.0,0.0,0.0
369,0.03087168611197803,0.1816816470038247,0.0,0.12564629005828895,0.03650416464049134,0.16183928282593257,0.0,0.028949273423686358,0.0,0.21953199012962152,0.06585959703888647,0.0,0.0,0.0,0.0,0.0,0.0,0.14911606876729008,0.0,0.0,0.0
370,0.07248745313686286,0.0,0.0,0.05900409539916341,0.17142529333059484,0.1266674949012757,0.0,0.09516301540018919,0.13160842555345315,0.3436442222784609,0.0,0.0,0.0,0.0,0.0,0.0,0.0,0.0,0.0,0.0,0.0
